type,manufacturer,name,price,weight,kv,motorDiameter,motorHeight,shaftDiameter,motorMountWidth,motorMountLength,image,racedayquads,getfpv,pyrodrone
motor,T-Motor,T-Motor F60 Pro V 2550Kv Motor - Gray,36.88,42,2700,22,4,6,16,16,https://cdn.shopify.com/s/files/1/1285/4651/products/2_80738d82-67db-40f2-9172-5ac250bb5389_512x512.jpg?v=1654024838,https://racedayquads.com/products/t-motor-f60-pro-v-2550kv-motor-gray,https://www.getfpv.com/motors/mini-quad-motors/t-motor-pacer-p1604-motor-2850kv-3800kv.html,https://pyrodrone.com/collections/motors/products/hyperlite-2408-5-team-edition-choose-kv
motor,T-Motor,T-Motor Pacer V3-2 2207 1950Kv Motor,18.57,27,2300,23,6,5,16,16,https://cdn.shopify.com/s/files/1/1285/4651/products/P2207V3_3_779d4205-c1d7-4b45-858_512x512.png?v=1649197360,https://racedayquads.com/products/t-motor-pacer-v3-2207-1950kv-motor,https://www.getfpv.com/motors/mini-quad-motors/rushfpv-faroukfpv-vroom-2505-5-sbang-motor-2000kv.html,https://pyrodrone.com/collections/motors/products/m2-7mm-t-mount-screw-pack-10-pcs
motor,T-Motor,T-Motor F1203 7000Kv Micro Motor,39.92,34,1700,27,7,4,16,16,https://cdn.shopify.com/s/files/1/1285/4651/products/tmotor-1203-2_512x512.jpg?v=1636754200,https://racedayquads.com/products/t-motor-1203-7000kv-micro-motor,https://www.getfpv.com/motors/mini-quad-motors/xhelix-fpv-garuda-sf-2306-motor-1850kv.html,https://pyrodrone.com/collections/motors/products/iflight-xing-e-2207-2-6s-fpv-motor
motor,Flywoo ,Flywoo ROBO 0802 19500Kv Micro Motor,93.47,40,3000,21,11,6,16,16,https://cdn.shopify.com/s/files/1/1285/4651/products/2_4ac762cf-b19b-4008-8f8d-20b1c17ba2c3_512x512.jpg?v=1630357594,https://racedayquads.com/products/flywoo-robo-0802-19500-motor,https://www.getfpv.com/motors/mini-quad-motors/rcinpower-gts-v3-1002-motor-14000kv-19000kv-22000kv.html,https://pyrodrone.com/collections/motors/products/copy-of-iflight-xing-x2306-2-6s-fpv-nextgen-motor
motor,iFlight,iFlight Xing-E PRO 2207 2750Kv Motor,62.39,36,4000,24,4,6,16,16,https://cdn.shopify.com/s/files/1/1285/4651/products/XING-E-Pro-2207-2-6S-FPV-NextGen-Motor_2_-1000x1000_a082fa74-08ec-4c4e-8454-a4a15d945c70_512x512.jpg?v=1626930374,https://racedayquads.com/products/iflight-xing-e-pro-2207-2750kv-motor,https://www.getfpv.com/motors/mini-quad-motors/t-motor-velox-v2808-cinematic-motor-1300kv-1500kv-1950kv.html,https://pyrodrone.com/collections/motors/products/emax-eco-micro-series-brushless-motor-1404-3700kv
motor,Rcinpower,Rcinpower GTS-V2 1207 5000Kv Micro Motor,58.97,42,4000,15,9,3,16,16,https://cdn.shopify.com/s/files/1/1285/4651/products/rcINpower12075000kvPink_Blue_2_512x512.jpg?v=1627150878,https://racedayquads.com/products/rcinpower-gts-v2-1207-5000kv-motor,https://www.getfpv.com/motors/mini-quad-motors/flywoo-robo-1002-motor-15500kv-23500kv.html,https://pyrodrone.com/collections/motors/products/iflight-xing-x2208-2-6s-fpv-nextgen-motor
motor,iFlight,iFlight Xing-E PRO 2207 2450Kv Motor,94.87,15,3900,24,11,6,16,16,https://cdn.shopify.com/s/files/1/1285/4651/products/XING-E-Pro-2207-2-6S-FPV-NextGen-Motor_2_-1000x1000_512x512.jpg?v=1626903751,https://racedayquads.com/products/iflight-xing-e-pro-2207-2450kv-motor,https://www.getfpv.com/motors/mini-quad-motors/amaxinno-superleggera-2305-5-a-bell-motor-1750kv-1950kv-2550kv.html,https://pyrodrone.com/collections/motors/products/t-motor-f40-pro-iv-1950kv-2400kv-motor
motor,EMAX,EMAX ECO II 2004 3000Kv Motor,14.6,39,2700,30,8,6,16,16,https://cdn.shopify.com/s/files/1/1285/4651/products/eco20042_86398e39-a508-43b6-ac23-66cee158a452_512x512.jpg?v=1639250912,https://racedayquads.com/products/emax-eco-ii-2004-3000kv-motor,https://www.getfpv.com/motors/mini-quad-motors/amaxinno-performante-2207-a-bell-motor-1750kv-1950kv-2550kv.html,https://pyrodrone.com/collections/motors/products/rcinpower-gts-v2-2207plus-2207-1860kv
motor,iFlight,iFlight Xing2 2306 1755Kv Motor,40.30,18,1600,16,11,6,16,16,https://cdn.shopify.com/s/files/1/1285/4651/products/xing23061_22ad6012-452a-4372-80c4-c07ef0a96189_512x512.jpg?v=1616538421,https://racedayquads.com/products/iflight-xing2-2306-1755kv-motor,https://www.getfpv.com/motors/mini-quad-motors/amaxinno-performante-2306-a-bell-motor-1750kv-1950kv-2550kv.html,https://pyrodrone.com/collections/motors/products/eco-micro-series-1407-brushless-motor-2800-3300-4100kv
motor,iFlight,iFlight Xing-E PRO 2207 1800Kv Motor,92.87,20,3900,18,8,4,16,16,https://cdn.shopify.com/s/files/1/1285/4651/products/XING-E-Pro-2207-2-6S-FPV-NextGen-Motor_2_-1000x1000_b6839c89-131c-4ee8-ad21-1f5cf98e80a1_512x512.jpg?v=1625860406,https://racedayquads.com/products/iflight-xing-e-pro-2207-1800kv-motor,https://www.getfpv.com/motors/mini-quad-motors/t-motor-f60-pro-v-lv-motor-1950kv-2020kv.html,https://pyrodrone.com/collections/motors/products/emax-eco-ii-2306-stator-for-5-6-propeller-racing-freestyle-and-cinematic-hd-camera-equipped-crafts-1700kv
motor,BrotherHobby,BrotherHobby Avenger 2806.5 1300Kv Motor,28.99,30,1700,24,12,4,16,16,https://cdn.shopify.com/s/files/1/1285/4651/products/UC_2806.5_13006_512x512.jpg?v=1626967473,https://racedayquads.com/products/brotherhobby-avenger-2806-5-1300kv,https://www.getfpv.com/motors/mini-quad-motors/t-motor-velox-v3008-cinematic-motor-1155kv-1350kv-1500kv.html,https://pyrodrone.com/collections/motors/products/hyperlite-2207-5-1722kv-hv-edition
motor,FPV Cycle,FPV Cycle 25mm Imperial 1870Kv Motor - Neon Yellow Hi-Viz,44.23,43,2000,24,7,5,16,16,https://cdn.shopify.com/s/files/1/1285/4651/products/2_9fd7e6fa-db85-41b1-b9c6-12f4e2761511_512x512.jpg?v=1658620603,https://racedayquads.com/products/fpv-cycle-25mm-imperial-1870kv-motor-neon-yellow-hi-viz,https://www.getfpv.com/motors/mini-quad-motors/t-motor-velox-v2812-cinematic-motor-925kv-1155kv.html,https://pyrodrone.com/collections/motors/products/iflight-xing-x2306-2-6s-fpv-nextgen-motor
motor,EMAX,EMAX ECO II Series 2306 1700Kv Motor,94.46,25,3100,28,4,4,16,16,https://cdn.shopify.com/s/files/1/1285/4651/products/569A1021_a120a36d-430c-48e5-9877-9fb1e507eda2_512x512.jpg?v=1602864733,https://racedayquads.com/products/emax-eco-ii-2306-1700kv-motor,https://www.getfpv.com/motors/mini-quad-motors/t-motor-slatts-2306-3-motor-1700kv-2500kv.html,https://pyrodrone.com/collections/motors/products/brotherhobby-avenger-2806-5-1300kv-1700kv-motor
motor,EMAX,EMAX ECO 1404 3700Kv Micro Motor,77.0,31,3400,28,5,5,16,16,https://cdn.shopify.com/s/files/1/1285/4651/products/14045_a566300b-ec7d-4795-af1c-387d36d3c720_512x512.jpg?v=1583882080,https://racedayquads.com/products/emax-eco-1404-3700kv-micro-motor,https://www.getfpv.com/motors/mini-quad-motors/iflight-xing2-2506-1350kv-1650kv-1850kv-motor.html,https://pyrodrone.com/collections/motors/products/emax-eco-ii-2306-stator-for-5-6-propeller-racing-freestyle-and-cinematic-hd-camera-equipped-crafts-2400kv
motor,T-Motor,T-Motor V2808 1300Kv Motor,95.0,40,3500,29,4,3,16,16,https://cdn.shopify.com/s/files/1/1285/4651/products/T5_512x512.jpg?v=1659563576,https://racedayquads.com/products/t-motor-v2808-1300kv-motor,https://www.getfpv.com/motors/mini-quad-motors/speedybee-1404-motor-4500kv.html,https://pyrodrone.com/collections/motors/products/emax-eco-ii-2306-stator-for-5-6-propeller-racing-freestyle-and-cinematic-hd-camera-equipped-crafts-1900kv
motor,EMAX,EMAX ECO II Series 2807 1300Kv Motor,25.70,27,3100,26,10,4,16,16,https://cdn.shopify.com/s/files/1/1285/4651/products/DSF0980_512x512.jpg?v=1602864371,https://racedayquads.com/products/emax-eco-ii-2807-1300kv-motor,https://www.getfpv.com/motors/mini-quad-motors/elev8-fpv-cricket-fpv-2306-5-motor-1750kv.html,https://pyrodrone.com/collections/motors/products/emax-eco-ii-2207-stator-motor-for-5-propeller-racing-and-freestyle-craft-1900kv
motor,EMAX,EMAX ECO II Series 2207 1700Kv Motor,95.30,20,2900,22,5,6,16,16,https://cdn.shopify.com/s/files/1/1285/4651/products/569A1013_512x512.jpg?v=1626957380,https://racedayquads.com/products/emax-eco-ii-series-2207-1700kv-motor,https://www.getfpv.com/motors/mini-quad-motors/axisflying-af-3010-cinematic-motor-1010kv-1210kv.html,https://pyrodrone.com/collections/motors/products/iflight-xing-e-2306-2-6s-fpv-motor
motor,iFlight,iFlight XING X2806.5 1800Kv Unibell Motor,79.98,37,3800,18,8,3,16,16,https://cdn.shopify.com/s/files/1/1285/4651/products/Motor-xing-2806.5-fpv-motor_10_-1000x1000_580be2dd-17ea-44d1-a615-e5272fa110f3_512x512.jpg?v=1626908687,https://racedayquads.com/products/iflight-xing-x2806-5-1800kv-motor,https://www.getfpv.com/motors/mini-quad-motors/diatone-mamba-toka-1606-motor-2700kv-3100kv-3750kv-4300kv.html,https://pyrodrone.com/collections/motors/products/emax-th1103-tinyhawk-freestyle-replacement-motor-7000kv
motor,EMAX,EMAX ECO II Series 2207 1900Kv Motor,66.12,26,2200,23,11,3,16,16,https://cdn.shopify.com/s/files/1/1285/4651/products/569A1013_7db049a3-108b-4bab-8c0f-27bb7437c94e_512x512.jpg?v=1602864850,https://racedayquads.com/products/emax-eco-ii-series-2207-1900kv-motor,https://www.getfpv.com/motors/mini-quad-motors/tbs-grinder-v4-2207-motor-1750kv.html,https://pyrodrone.com/collections/motors/products/brother-hobby-avenger-1507-vy-choose-kv
motor,HappyModel,HappyModel EX1102 9000Kv (1.5mm Shaft) Whoop/Micro Motor 4 Pack for Mobula7 HD,51.43,29,3000,28,9,5,16,16,https://cdn.shopify.com/s/files/1/1285/4651/products/1002-1_b35ec205-0cd8-432d-a421-f4a342a06f40_512x512.jpg?v=1627937793,https://racedayquads.com/products/happymodel-ex1102-9000kv-1-5mm-shaft-whoop-micro-motor-4-pack-for-mobula7-hd,https://www.getfpv.com/motors/mini-quad-motors/lumenier-zip-v2-2207-5-motor-1750kv-2500kv.html,https://pyrodrone.com/collections/motors/products/apex-hornet-2306-6-unibell-premium-motor
motor,FPV Cycle,FPV Cycle 25mm Imperial 2150Kv Motor,51.83,36,1900,25,5,6,16,16,https://cdn.shopify.com/s/files/1/1285/4651/products/333_07b3b808-0fd9-43c7-ad39-bc6b323a11c2_512x512.jpg?v=1656366278,https://racedayquads.com/products/fpv-cycle-25mm-imperial-2150kv-motor,https://www.getfpv.com/motors/mini-quad-motors/xilo-stealth-2207-motor-1800kv-2450kv.html,https://pyrodrone.com/collections/motors/products/t-motor-f1103-8000kv-11000kv-motor
motor,Rcinpower,Rcinpower GTS-V3 1002 14000Kv Micro Motor - Choose Color,51.71,44,1600,15,10,4,16,16,https://cdn.shopify.com/s/files/1/1285/4651/products/tealtop_512x512.jpg?v=1656019884,https://racedayquads.com/products/rcinpower-gts-v3-1002-14000kv-motor-choose-color,https://www.getfpv.com/motors/mini-quad-motors/iflight-xing2-3110-cinelifter-motor-900kv-1250kv-1600kv.html,https://pyrodrone.com/collections/motors/products/t-motor-f80-pro-1900kv-motor
motor,T-Motor,T-Motor M1104 7500Kv Micro Motor,80.20,25,3000,15,8,5,16,16,https://cdn.shopify.com/s/files/1/1285/4651/products/M1104_2_512x512.jpg?v=1651269554,https://racedayquads.com/products/t-motor-m1104-7500kv-micro-motor,https://www.getfpv.com/motors/mini-quad-motors/dys-sunfun-2306-motor.html,https://pyrodrone.com/collections/motors/products/iflight-xing-nano-x1103-fpv-nextgen-motor-choose-kv
motor,Rcinpower,Rcinpower GTS-V2 2207Plus 2207.5 1860Kv Motor - Choose Color,22.49,22,2900,25,5,3,16,16,https://cdn.shopify.com/s/files/1/1285/4651/products/rcINpowerGTSV2plus22072750kv_2_f378ac7a-399a-44ae-bb5d-377b96a85e76_512x512.jpg?v=1654800157,https://racedayquads.com/products/rcinpower-gts-v2-2207plus-2207-5-1860kv-motor,https://www.getfpv.com/motors/mini-quad-motors/geprc-gr2004-speedx-motor-1750kv-2550kv.html,https://pyrodrone.com/collections/motors/products/emax-eco-ii-2207-stator-motor-for-5-propeller-racing-and-freestyle-craft-1700kv
motor,T-Motor,T-Motor Pacer V3-2 2306 1750Kv Motor,49.2,37,1700,28,6,6,16,16,https://cdn.shopify.com/s/files/1/1285/4651/products/2_03971068-24e5-4250-a718-5612c35bb8e1_512x512.jpg?v=1652906798,https://racedayquads.com/products/t-motor-pacer-v3-2306-1750kv-motor,https://www.getfpv.com/motors/mini-quad-motors/t-motor-f60-pro-v-motor-1750kv-1950kv-2020kv-2550kv.html,https://pyrodrone.com/collections/motors/products/iflight-xing-1303-5000kv-fpv-micro-motor
motor,T-Motor,T-Motor F60 Pro IV V2 1750Kv Racing Motor - Choose Your Color,52.38,22,1900,17,8,6,16,16,https://cdn.shopify.com/s/files/1/1285/4651/products/8_512x512.png?v=1610748408,https://racedayquads.com/products/t-motor-f60-pro-iv-1750kv-racing-motor-choose-your-color,https://www.getfpv.com/motors/mini-quad-motors/hglrc-aeolus-2006-racing-motor-2800kv.html,https://pyrodrone.com/collections/motors/products/hyperlite-2207-5-2522kv-team-edition
motor,T-Motor,T-Motor F1507 3800Kv Micro Motor,31.65,16,1800,24,8,6,16,16,https://cdn.shopify.com/s/files/1/1285/4651/products/f1507_27001_8241473e-ea3b-4486-a4b3-77e0877d29ab_512x512.jpg?v=1626921742,https://racedayquads.com/products/t-motor-f1507-3800kv-micro-motor,https://www.getfpv.com/motors/mini-quad-motors/t-motor-pacer-v3-p2306-powerful-freestyle-motor-1750kv-1950kv-2550kv.html,https://pyrodrone.com/collections/motors/products/emax-eco-ii-2807-stator-for-7-propeller-freestyle-heavy-lifter-and-long-range-crafts-1300kv
motor,EMAX,EMAX ECO II Series 2807 1700Kv Motor,63.93,22,1600,17,9,6,16,16,https://cdn.shopify.com/s/files/1/1285/4651/products/DSF0980_0bc47882-2f20-4d12-b724-f1b5be2338b6_512x512.jpg?v=1602864258,https://racedayquads.com/products/emax-eco-ii-2807-1700kv-motor,https://www.getfpv.com/motors/mini-quad-motors/t-motor-pacer-v3-p2207-powerful-freestyle-motor-1750kv-1950kv-2080kv-2550kv.html,https://pyrodrone.com/collections/motors/products/ethix-mr-steele-stout-motor-v4
motor,iFlight,iFlight XING 2306 1700Kv Unibell Motor,20.69,27,2300,21,10,4,16,16,https://cdn.shopify.com/s/files/1/1285/4651/products/xing-2306-1700kv-2_512x512.jpg?v=1579823723,https://racedayquads.com/products/iflight-xing-2306-1700kv-unibell-motor,https://www.getfpv.com/motors/mini-quad-motors/t-motor-pacer-v2-p2207-powerful-freestyle-1750kv-1950kv-2550kv-motor.html,https://pyrodrone.com/collections/motors/products/emax-eco-ii-2207-stator-motor-for-5-propeller-racing-and-freestyle-craft-2400kv
motor,T-Motor,T-Motor F1404 4600Kv Micro Motor,44.15,18,1800,26,5,4,16,16,https://cdn.shopify.com/s/files/1/1285/4651/products/1609828870728051665_539a2370-202d-411a-b656-f5b9bb47d8d0_512x512.jpg?v=1627241524,https://racedayquads.com/products/t-motor-f1404-4600kv-micro-motor,https://www.getfpv.com/motors/mini-quad-motors/diatone-mamba-toka-2808-motor-1100kv.html,https://pyrodrone.com/collections/motors/products/xnova-2207-lite-racing-series-combo-4-pcs
motor,Rcinpower,Rcinpower GTS-V3 1002 22000Kv Micro Motor - Choose Color,55.54,24,2900,19,7,6,16,16,https://cdn.shopify.com/s/files/1/1285/4651/products/tealtop_bab5577d-5839-42a4-ab1a-c8b38e1aa519_512x512.jpg?v=1656020211,https://racedayquads.com/products/rcinpower-gts-v3-1002-22000kv-motor-choose-color,https://www.getfpv.com/motors/mini-quad-motors/foxeer-datura-2207-5-fpv-motor.html,https://pyrodrone.com/collections/motors/products/rcinpower-gts-v2-1202-5-11500kv-motor-choose-color
motor,EMAX,EMAX ECO II Series 2306 1900Kv Motor,72.0,20,1600,19,9,3,16,16,https://cdn.shopify.com/s/files/1/1285/4651/products/569A1021_508173ff-294c-46b7-b5d9-6f7e077ff130_512x512.jpg?v=1602864612,https://racedayquads.com/products/emax-eco-ii-2306-1900kv-motor,https://www.getfpv.com/motors/mini-quad-motors/foxeer-datura-2105-5-fpv-motor-m3-m5-shaft.html,https://pyrodrone.com/collections/motors/products/emax-rs1106-micro-brushless-motor-1-pc
motor,iFlight,iFlight Xing2 2506 1850Kv Motor,22.16,34,1700,25,6,4,16,16,https://cdn.shopify.com/s/files/1/1285/4651/products/XING2-2506-2_11953394-bf22-40ee-a4fa-84f02e2c2062_512x512.jpg?v=1657142791,https://racedayquads.com/products/copy-of-iflight-xing2-2506-1500kv-motor,https://www.getfpv.com/motors/mini-quad-motors/t-motor-f1404-2900kv-3800kv-4600kv-motor-gray-red.html,https://pyrodrone.com/collections/motors/products/xnova-1804-fpv-series-combo-4-pcs-choose-kv
motor,EMAX,EMAX ECO II Series 2807 1500Kv Motor,32.61,17,3400,17,8,3,16,16,https://cdn.shopify.com/s/files/1/1285/4651/products/DSF0980_92d1c291-fa28-417e-95c3-6a56a90cd8fd_512x512.jpg?v=1602864369,https://racedayquads.com/products/emax-eco-ii-2807-1500kv-motor,https://www.getfpv.com/motors/mini-quad-motors/t-motor-p2505-1850kv-motor.html,https://pyrodrone.com/collections/motors/products/emax-eco-ii-2807-stator-for-7-propeller-freestyle-heavy-lifter-and-long-range-crafts-1700kv
motor,iFlight,iFlight Xing 2205 2300Kv Motor,85.62,33,2100,18,5,3,16,16,https://cdn.shopify.com/s/files/1/1285/4651/products/asdad_2b0173f6-d98e-44b1-af54-54308c19a080_512x512.jpg?v=1621007658,https://racedayquads.com/products/iflight-xing-2205-2300kv-micro-motor,https://www.getfpv.com/motors/mini-quad-motors/t-motor-f90-1300kv-1500kv-motor.html,https://pyrodrone.com/collections/motors/products/emax-eco-ii-2807-stator-for-7-propeller-freestyle-heavy-lifter-and-long-range-crafts-1500kv
motor,iFlight,iFlight Xing2 1404 4600Kv Micro Motor,31.14,34,2500,21,6,5,16,16,https://cdn.shopify.com/s/files/1/1285/4651/products/xing214041_d3ecc066-e9ce-42b3-be41-6c4207992f8b_512x512.jpg?v=1613690095,https://racedayquads.com/products/iflight-xing2-1404-4600kv-micro-motor,https://www.getfpv.com/motors/mini-quad-motors/diatone-mamba-toka-2203-5-motor-1650kv-2200kv-2650kv-3300kv.html,https://pyrodrone.com/collections/motors/products/copy-of-hyperlite-2206-5-2522kv-team-edition
motor,Rcinpower,Rcinpower GTS-V2 1202.5 11500Kv Micro Motor - Choose Color,75.90,17,4200,17,11,6,16,16,https://cdn.shopify.com/s/files/1/1285/4651/products/1_6eae66c2-4443-492c-b684-0a41eb1e2db3_512x512.jpg?v=1642194050,https://racedayquads.com/products/rcinpower-gts-v2-1202-5-11500kv-motor,https://www.getfpv.com/motors/mini-quad-motors/diatone-mamba-toka-2306-5-motor-1700kv-2450kv-2650kv.html,https://pyrodrone.com/collections/motors/products/rcinpower-gts-v2-1202-5-6000kv-motor-choose-color
motor,BrotherHobby,BrotherHobby Tornado T5 3115 Pro 1050Kv Motor,95.65,41,3600,28,9,6,16,16,https://cdn.shopify.com/s/files/1/1285/4651/products/457a36f473_512x512.jpg?v=1603127521,https://racedayquads.com/products/brotherhobby-tornado-t5-3115-pro-1050kv-motor,https://www.getfpv.com/motors/mini-quad-motors/iflight-xing2-2207-black-motor-nazgul-evoque-1750kv-2750kv.html,https://pyrodrone.com/collections/motors/products/rcinpower-gts-1204-5000kv-motor-choose-color
motor,HappyModel,HappyModel EX 0802 25000Kv Whoop/Micro Motor for Mobula 6 HD - CW,66.27,43,4200,26,8,5,16,16,https://cdn.shopify.com/s/files/1/1285/4651/products/asdadasdasdasa_06ec7507-7cad-4794-989b-9e17a0002e78_512x512.jpg?v=1596557150,https://racedayquads.com/products/happymodel-ex-0802-25000kv-whoop-micro-motor-for-mobula-6-hd-cw,https://www.getfpv.com/motors/mini-quad-motors/iflight-xing2-2207-rainbow-unibell-motor-1950kv.html,https://pyrodrone.com/collections/motors/products/t-motor-f90-2806-5-long-range-motor
motor,HGLRC,HGLRC AEOLUS 0802 25000Kv Micro Motor,24.17,34,3100,20,12,6,16,16,https://cdn.shopify.com/s/files/1/1285/4651/products/hglrc-aeolus-0802-17000kv-2200kv-25000kv-brushless-motor-364201_9419fc8e-5621-472d-9ce5-28fe7d055c74_512x512.jpg?v=1643153685,https://racedayquads.com/products/hglrc-aeolus-0802-25000kv-micro-motor,https://www.getfpv.com/motors/mini-quad-motors/ethix-fsp-1607-2450kv-motor.html,https://pyrodrone.com/collections/motors/products/iflight-xing2-2306-1755kv-motor
motor,iFlight,iFlight XING 2207 1800Kv Unibell Motor,77.14,24,3300,30,9,3,16,16,https://cdn.shopify.com/s/files/1/1285/4651/products/xing-2207-2_0dbd1eab-34ff-4cad-8bac-9499841ac7ae_512x512.jpg?v=1626924144,https://racedayquads.com/products/iflight-xing-2207-1800kv-motor-solid-bell,https://www.getfpv.com/motors/mini-quad-motors/brotherhobby-tornado-t2-1407-motor-cw-2800kv-3600kv-4100kv.html,https://pyrodrone.com/collections/motors/products/hypershot-1507-5-cinewhoop-fpv-motor-bundle
motor,T-Motor,T-Motor F60 Pro IV V2 1950Kv Racing Motor - Choose Your Color,52.70,30,2800,16,5,4,16,16,https://cdn.shopify.com/s/files/1/1285/4651/products/2_7c4e43e0-7452-4af0-a862-095471076028_512x512.jpg?v=1626949209,https://racedayquads.com/products/t-motor-f60-pro-iv-v2-1950kv-racing-motor-choose-your-color,https://www.getfpv.com/motors/mini-quad-motors/brotherhobby-avenger-3120-motor-500kv-700kv.html,https://pyrodrone.com/collections/motors/products/flywoo-robo-rb-1202-5-ultralite-fpv-motor-choose-kv
motor,T-Motor,T-Motor F1507 2700Kv Micro Motor,22.92,30,3300,29,10,6,16,16,https://cdn.shopify.com/s/files/1/1285/4651/products/f1507_27001_512x512.jpg?v=1627223863,https://racedayquads.com/products/t-motor-f1507-2700kv-micro-motor,https://www.getfpv.com/motors/mini-quad-motors/brotherhobby-vs-2207-motor-cw-1720kv-2400kv-2700kv.html,https://pyrodrone.com/collections/motors/products/betafpv-0802-22000kv-brushless-motors-4pcs
motor,iFlight,iFlight Xing-E Pro 2306 2450Kv Motor,73.4,15,2200,23,9,5,16,16,https://cdn.shopify.com/s/files/1/1285/4651/products/2_90007470-cd23-4d29-950a-07b6e4ad5a7e_512x512.jpg?v=1633988920,https://racedayquads.com/products/iflight-xing-e-pro-2306-2450kv-motor,https://www.getfpv.com/motors/mini-quad-motors/brotherhobby-avenger-3008-motor-1150kv-1300kv-1500kv-1900kv.html,https://pyrodrone.com/collections/motors/products/hyperlite-1103-5-fpv-drone-motor-12022kv
motor,T-Motor,T-Motor F1408 1408 2800Kv Motor,11.43,21,3500,22,10,3,16,16,https://cdn.shopify.com/s/files/1/1285/4651/products/3_7f643f27-5de2-4002-9b96-1040c56b0ca3_512x512.jpg?v=1656096485,https://racedayquads.com/products/t-motor-f1408-1408-2800kv-motor,https://www.getfpv.com/motors/mini-quad-motors/ethix-flat-rats-v2-1507-motor-2800kv.html,https://pyrodrone.com/collections/motors/products/hyperlite-2807-5-e-series-1322kv
motor,EMAX,EMAX ECO 1407 2800Kv Micro Motor,94.36,39,1900,21,7,6,16,16,https://cdn.shopify.com/s/files/1/1285/4651/products/14073_4c9c8913-381f-4811-a418-3fec2280f25e_512x512.jpg?v=1583882201,https://racedayquads.com/products/emax-eco-1407-2800kv-micro-motor,https://www.getfpv.com/motors/mini-quad-motors/tbs-grinder-v3-2207-motor-2450kv.html,https://pyrodrone.com/collections/motors/products/brotherhobby-avenger-2812-motor-choose-kv
motor,T-Motor,T-Motor VELOX V2 2306 2400Kv Motor,19.61,35,2500,19,7,6,16,16,https://cdn.shopify.com/s/files/1/1285/4651/products/1606207816776448779_aa5ab85f-0d93-4da5-815d-ab98c6b407a5_512x512.jpg?v=1607122696,https://racedayquads.com/products/t-motor-velox-v2-2306-2400kv-motor,https://www.getfpv.com/motors/mini-quad-motors/lumenier-zip-v2-2407-motor-1700kv-2550kv.html,https://pyrodrone.com/collections/motors/products/t-motor-v2306-v2-kv1950
motor,Flywoo ,Flywoo NIN V2 Dave_C Edition 1404 2750Kv Micro Motor,90.93,40,1700,17,4,6,16,16,https://cdn.shopify.com/s/files/1/1285/4651/products/davec_1_512x512.jpg?v=1598480759,https://racedayquads.com/products/flywoo-nin-v2-dave_c-edition-1404-2750kv-micro-motor,https://www.getfpv.com/motors/mini-quad-motors/ethix-mr-steele-stout-motor-v3-legacy.html,https://pyrodrone.com/collections/motors/products/hyperlite-1303-5-fpv-drone-motor-5022kv
motor,4 Pack ,AMAXinno Performante A-Bell 2306 1950Kv Motor,77.83,39,3200,15,8,6,16,16,https://cdn.shopify.com/s/files/1/1285/4651/products/Performante_2306_Motor_A-Motors-550x550_e291d0bc-54e2-4e04-8abe-5e84ca4bccc3_512x512.jpg?v=1663703657,https://racedayquads.com/products/amaxinno-performante-a-bell-2306-1950kv-motor-4-pack,https://www.getfpv.com/motors/mini-quad-motors/t-motor-f1408-cinewhoop-motor-2800kv-3950kv.html,https://pyrodrone.com/collections/motors/products/xnova-2207-lite-racing-series
motor,T-Motor,T-Motor Slatts 2306.3 1700Kv Motor,74.27,44,3600,29,4,6,16,16,https://cdn.shopify.com/s/files/1/1285/4651/products/dgrdgdrghfgdfgdr_512x512.jpg?v=1659741178,https://racedayquads.com/products/t-motor-slatts-2306-3-1700kv,https://www.getfpv.com/motors/mini-quad-motors/iflight-xing-e-pro-2208-motor-2450kv.html,https://pyrodrone.com/collections/motors/products/ethix-mr-steele-silk-motor-v3
motor,Axis Flying,Axis Flying AE2207 1960Kv Motor,69.98,26,1700,21,12,6,16,16,https://cdn.shopify.com/s/files/1/1285/4651/products/7_1_512x512.jpg?v=1655840080,https://racedayquads.com/products/axis-flying-ae2207-1960kv-motor,https://www.getfpv.com/motors/mini-quad-motors/iflight-xing-2306-motor-unibell-2450kv.html,https://pyrodrone.com/collections/motors/products/emax-0802-16000kv-tinyhawk-ii-replacement-brushless-motor
motor,T-Motor,T-Motor F80 Pro 1900Kv Racing Motor,67.46,27,2500,16,8,6,16,16,https://cdn.shopify.com/s/files/1/1285/4651/products/F80PRO-3_512x512.jpg?v=1556236011,https://racedayquads.com/products/t-motor-f80-pro-1900kv-racing-motor,https://www.getfpv.com/motors/mini-quad-motors/iflight-xing-2207-motor-unibell-2450kv.html,https://pyrodrone.com/collections/motors/products/iflight-xing2-2207-1855kv-motor
motor,iFlight,iFlight Xing-E Pro 2208 1800Kv Motor,67.65,33,2100,29,4,3,16,16,https://cdn.shopify.com/s/files/1/1285/4651/products/2_b6d8b016-28dd-4bd0-8aab-619452bd9659_512x512.jpg?v=1633995520,https://racedayquads.com/products/iflight-xing-e-pro-2208-1800kv-motor,https://www.getfpv.com/motors/mini-quad-motors/iflight-xing-1504-fpv-nextgen-motor-3100kv-3900kv.html,https://pyrodrone.com/collections/motors/products/emax-rs1408-proformance-brushless-motor
motor,iFlight,iFlight Xing2 2306 2555Kv Motor,25.47,27,3900,22,6,3,16,16,https://cdn.shopify.com/s/files/1/1285/4651/products/xing23061_512x512.jpg?v=1613762127,https://racedayquads.com/products/iflight-xing2-2306-2555kv-motor,https://www.getfpv.com/motors/mini-quad-motors/brotherhobby-avenger-2808-motor-1350kv-1500kv-1900kv.html,https://pyrodrone.com/collections/motors/products/iflight-xing-x2806-5-fpv-nextgen-motor-1300kv
motor,T-Motor,T-Motor F2004 1700Kv Micro Motor (1.5mm Shaft),21.49,40,3200,21,9,3,16,16,https://cdn.shopify.com/s/files/1/1285/4651/products/1609396827373761687_512x512.jpg?v=1610649129,https://racedayquads.com/products/t-motor-f2004-1700kv-micro-motor-1-5mm-shaft,https://www.getfpv.com/motors/mini-quad-motors/brotherhobby-avenger-2806-5-motor-870kv-1300kv-1460kv-1700kv.html,https://pyrodrone.com/collections/motors/products/iflight-xing-x1404-4600kv-motor-ultralight-build-unibell
motor,BrotherHobby,BrotherHobby Avenger V3 2812 1115Kv,71.47,34,3200,29,8,5,16,16,https://cdn.shopify.com/s/files/1/1285/4651/products/avengerv328129_512x512.jpg?v=1586646964,https://racedayquads.com/products/brotherhobby-avenger-v3-2812-1115kv,https://www.getfpv.com/motors/mini-quad-motors/brotherhobby-la-2005-motor-1450kv-2450kv-2800kv-3450kv.html,https://pyrodrone.com/collections/motors/products/motor-xing-nano-x1204-fpv-nextgen-motor
motor,Rcinpower,Rcinpower GTS-V3 1002 19000Kv Micro Motor - Choose Color,22.4,35,2600,27,4,5,16,16,https://cdn.shopify.com/s/files/1/1285/4651/products/tealtop_aaa4f8bc-33bc-4095-a137-c88c66b61b1d_512x512.jpg?v=1656019969,https://racedayquads.com/products/rcinpower-gts-v3-1002-19000kv-motor-choose-color,https://www.getfpv.com/motors/mini-quad-motors/brotherhobby-avenger-2816-motor-620kv-750kv-810kv-1050kv.html,https://pyrodrone.com/collections/motors/products/t-motor-v2306-v2-kv2400
motor,iFlight,iFlight Xing-E Pro 2306 1700Kv Motor,48.47,33,3200,21,8,3,16,16,https://cdn.shopify.com/s/files/1/1285/4651/products/2_e4c2dfc4-6dbc-43e1-95a4-a4e636cd4f3d_512x512.jpg?v=1633989039,https://racedayquads.com/products/iflight-xing-e-pro-2306-1700kv-motor,https://www.getfpv.com/motors/mini-quad-motors/brotherhobby-avenger-2810-motor-1180kv-1500kv.html,https://pyrodrone.com/collections/motors/products/t-motor-velox-v2-2207-1950kv-motor
motor,T-Motor,T-Motor Pacer V3-2 2207 1750Kv Motor,89.11,26,2300,29,9,6,16,16,https://cdn.shopify.com/s/files/1/1285/4651/products/P2207V3_2_e419ed46-2221-48a8-b6d_9add7492-e022-4e78-b27c-2f589e54873c_512x512.png?v=1651174599,https://racedayquads.com/products/t-motor-pacer-v3-2207-1750kv-motor,https://www.getfpv.com/motors/mini-quad-motors/lumenier-zip-v2-2807-motor-1300kv-1700kv.html,https://pyrodrone.com/collections/motors/products/t-motor-v2207-v2-kv1750
motor,T-Motor,T-Motor VELOX V2 2207.5 1950Kv Motor - Royal Blue,18.67,31,3400,29,5,4,16,16,https://cdn.shopify.com/s/files/1/1285/4651/products/velox2_136e308d-b9bd-4580-be14-9a29864c7395_512x512.jpg?v=1635781119,https://racedayquads.com/products/t-motor-velox-v2-2207-5-1950kv-motor-royal-blue,https://www.getfpv.com/motors/mini-quad-motors/iflight-xing-e-pro-2207-motor-1pc-1800kv-2450kv-2750kv.html,https://pyrodrone.com/collections/motors/products/brother-hobby-avenger-2810-1500kv
motor,T-Motor,T-Motor VELOX V2 2207.5 1750Kv Motor - Royal Blue,11.22,32,2200,26,8,4,16,16,https://cdn.shopify.com/s/files/1/1285/4651/products/velox2_70150d4e-13dd-42c8-9076-2c91ffe32634_512x512.jpg?v=1615848126,https://racedayquads.com/products/t-motor-velox-v2-2207-5-1750kv-motor-royal-blue,https://www.getfpv.com/motors/mini-quad-motors/ummagawd-aerolite-2004-motor-1pc-1600kv-2400kv-3500kv.html,https://pyrodrone.com/collections/motors/products/hyperlite-1103-5-fpv-drone-motor-8022kv
motor,T-Motor,T-Motor VELOX V2 2207 1950Kv Motor,66.67,15,3400,20,12,3,16,16,https://cdn.shopify.com/s/files/1/1285/4651/products/1605757530582664017_553ebdb7-d9e0-447a-9223-63fe3ae5df58_512x512.jpg?v=1626834370,https://racedayquads.com/products/t-motor-velox-v2-2207-1950kv-motor,https://www.getfpv.com/motors/mini-quad-motors/ethix-mr-steele-silk-2306-2345kv-motor-v4.html,https://pyrodrone.com/collections/motors/products/iflight-xing-x2806-5-fpv-nextgen-motor-1800kv
motor,EMAX,EMAX ECO II 2004 2400Kv Motor,11.46,29,3600,27,12,3,16,16,https://cdn.shopify.com/s/files/1/1285/4651/products/eco20042_ae121ae3-5f91-4d11-954b-ee1041d5819f_512x512.jpg?v=1639250441,https://racedayquads.com/products/emax-eco-ii-2004-2400kv-motor,https://www.getfpv.com/motors/mini-quad-motors/ethix-mr-steele-stout-2306-1750kv-motor-v4.html,https://pyrodrone.com/collections/motors/products/betafpv-1404-3800kv-brushless-motors
motor,GEPRC,GEPRC GR 1204 5000Kv Micro Motor,83.41,44,2300,22,6,3,16,16,https://cdn.shopify.com/s/files/1/1285/4651/products/1204_50003_512x512.jpg?v=1626912267,https://racedayquads.com/products/geprc-gr-1204-5000kv-micro-motor,https://www.getfpv.com/motors/mini-quad-motors/t-motor-bms-racing-raptor-v2-2306-5-motor-2000kv.html,https://pyrodrone.com/collections/motors/products/rcinpower-wasp-major-22-6-6-5-gun-metal
motor,T-Motor,T-Motor VELOX V2 2207 2550Kv Motor,71.17,38,3600,30,12,3,16,16,https://cdn.shopify.com/s/files/1/1285/4651/products/1605757530716160378_512x512.jpg?v=1607109850,https://racedayquads.com/products/t-motor-velox-2207-2550kv-motor-1,https://www.getfpv.com/motors/mini-quad-motors/diatone-mamba-toka-2004-motor-1700kv-2900kv.html,https://pyrodrone.com/collections/motors/products/hyperlite-1408-2722kv-race-series
motor,Rcinpower,Rcinpower GTS-V2 1204 5000Kv Micro Motor - Choose Color,56.17,43,3700,26,10,4,16,16,https://cdn.shopify.com/s/files/1/1285/4651/products/P1200098_512x512.jpg?v=1611188390,https://racedayquads.com/products/rcinpower-gts-v2-1204-5000kv-motor,https://www.getfpv.com/motors/mini-quad-motors/diatone-mamba-toka-1505-motor-2650kv-3800kv.html,https://pyrodrone.com/collections/motors/products/m2-x-6-hardened-screw-for-hypelite-motor-bells
motor,Diatone,Diatone Mamba Toka 2203.5 4200Kv Motor,47.38,19,1600,25,8,5,16,16,https://cdn.shopify.com/s/files/1/1285/4651/products/d_512x512.jpg?v=1641248432,https://racedayquads.com/products/diatone-mamba-toka-2203-5-4200kv-motor,https://www.getfpv.com/motors/mini-quad-motors/diatone-mamba-toka-1408-motor-2900kv-4100kv.html,https://pyrodrone.com/collections/motors/products/hyperlite-2206-5-2522kv-team-edition
motor,EMAX,EMAX 0802 16000Kv Micro Motor w/ Plug for TinyHawk II,68.87,18,3500,29,6,4,16,16,https://cdn.shopify.com/s/files/1/1285/4651/products/download_34_512x512.jpg?v=1605629788,https://racedayquads.com/products/emax-0802-16000kv-micro-motor-for-tinyhawk-ii,https://www.getfpv.com/motors/mini-quad-motors/diatone-mamba-toka-1404-motor-3000kv-4000kv.html,https://pyrodrone.com/collections/motors/products/geprc-gr1204-motor-5000kv
motor,T-Motor,T-Motor VELOX V2 2208 1750Kv Motor - Grey,42.23,41,4000,25,12,3,16,16,https://cdn.shopify.com/s/files/1/1285/4651/products/2202velox2_2f288d4e-41bb-4215-a538-ad858e5fe6bc_512x512.jpg?v=1612824421,https://racedayquads.com/products/t-motor-velox-v2-2208-1750kv-motor-grey,https://www.getfpv.com/motors/mini-quad-motors/diatone-mamba-toka-1206-motor-2450kv-3600kv-4500kv-6000kv-7500kv.html,https://pyrodrone.com/collections/motors/products/rcinpower-gts-v2-1207-5000kv-motor-choose-color
motor,NewBeeDrone,NewBeeDrone Smoov V2 2306.5 1750Kv Motor,73.43,33,3800,19,5,4,16,16,https://cdn.shopify.com/s/files/1/1285/4651/products/1_5ebd4002-e6f1-447c-9801-b826e1067791_512x512.jpg?v=1650492884,https://racedayquads.com/products/newbeedrone-smoov-v2-2306-5-1750kv-motor,https://www.getfpv.com/motors/mini-quad-motors/diatone-mamba-toka-1202-motor-6500kv-8500kv-10000v.html,https://pyrodrone.com/collections/motors/products/hyperlite-2208-5-1922kv-team-edition
motor,T-Motor,T-Motor F60 Pro V 2020Kv Motor - Gray,29.86,34,2200,24,11,4,16,16,https://cdn.shopify.com/s/files/1/1285/4651/products/2_c8cff5df-fa17-40f8-af11-f68548fde643_512x512.jpg?v=1650306640,https://racedayquads.com/products/t-motor-f60-pro-v-2020kv-motor-gray,https://www.getfpv.com/motors/mini-quad-motors/diatone-mamba-toka-1103-motor-8500kv-10000kv.html,https://pyrodrone.com/collections/motors/products/iflight-xing-x2814-fpv-nextgen-1100kv
motor,Foxeer ,Foxeer Datura 1404 3850Kv Micro Motor,27.67,21,3700,20,8,6,16,16,https://cdn.shopify.com/s/files/1/1285/4651/products/3copy_5c23df7a-95a5-4366-9b52-0c668052d40e_512x512.jpg?v=1643927552,https://racedayquads.com/products/foxeer-datura-1404-3850kv-micro-motor,https://www.getfpv.com/motors/mini-quad-motors/brotherhobby-tc-2004-motor-1700kv-1950kv-2100kv-3150kv.html,https://pyrodrone.com/collections/motors/products/emax-0802-15500kv-brushless-motor-for-indoor-racing-drone
motor,GEPRC,GEPRC GR 1404 3850Kv Micro Motor,32.49,42,3500,27,11,5,16,16,https://cdn.shopify.com/s/files/1/1285/4651/products/geprc14_512x512.jpg?v=1594160027,https://racedayquads.com/products/geprc-gr-1404-3850kv-micro-motor,https://www.getfpv.com/motors/mini-quad-motors/dys-sunfun-x2204-motor-1700kv-2850kv-3000kv.html,https://pyrodrone.com/collections/motors/products/copy-of-hyperlite-2208-5-2522kv-team-edition
motor,T-Motor,T-Motor VELOX V2 2306 1950Kv Motor,95.15,31,2100,19,10,5,16,16,https://cdn.shopify.com/s/files/1/1285/4651/products/1605758255474853627_512x512.jpg?v=1607122696,https://racedayquads.com/products/t-motor-velox-v2-2306-1950kv-motor,https://www.getfpv.com/motors/mini-quad-motors/dys-sunfun-x2203-motor-3000kv-3500kv.html,https://pyrodrone.com/collections/motors/products/t-motor-velox-v2207-5-1750kv-1950kv-motor
motor,Diatone,Diatone Mamba Toka 1404 3000Kv Micro Motor,29.11,18,3500,23,9,3,16,16,https://cdn.shopify.com/s/files/1/1285/4651/products/1404green_fe824031-c8f3-4dcf-b72e-37936bcd979b_512x512.jpg?v=1634581838,https://racedayquads.com/products/diatone-mamba-toka-1404-3000kv-micro-motor,https://www.getfpv.com/motors/mini-quad-motors/iflight-xing2-3106-1200kv-1500kv-motor-unibell.html,https://pyrodrone.com/collections/motors/products/brotherhobby-vy-1504-5-3950kv-motor
motor,HGLRC,HGLRC Aeolus 1202.5 11600Kv Micro Motor,51.22,44,1600,23,12,6,16,16,https://cdn.shopify.com/s/files/1/1285/4651/products/aeolus1202.5_80ef104c-4924-4dec-a3d2-654525964192_512x512.jpg?v=1612548895,https://racedayquads.com/products/hglrc-aeolus-1202-5-11600kv-micro-motor,https://www.getfpv.com/motors/mini-quad-motors/iflight-xing-2205-fpv-nextgen-motor-unibell-2300kv.html,https://pyrodrone.com/collections/motors/products/t-motor-velox-v2-2207-2550kv-motor
motor,T-Motor,T-Motor M1106 6000Kv Micro Motor,69.99,24,3300,20,8,4,16,16,https://cdn.shopify.com/s/files/1/1285/4651/products/M1106_3_512x512.jpg?v=1651269165,https://racedayquads.com/products/t-motor-m1106-6000kv-micro-motor,https://www.getfpv.com/motors/mini-quad-motors/iflight-xing2-2604-1350kv-1650kv-motor-unibell.html,https://pyrodrone.com/collections/motors/products/hyperlite-1404-5-fpv-drone-motor-4522kv
motor,T-Motor,T-Motor F60 Pro V 1950Kv Motor - Gray,51.57,31,3900,15,7,5,16,16,https://cdn.shopify.com/s/files/1/1285/4651/products/2_cf457f9c-ae33-4c74-9c06-d7913cc19fd8_512x512.jpg?v=1650306279,https://racedayquads.com/products/t-motor-f60-pro-v-1950kv-motor-gray,https://www.getfpv.com/motors/mini-quad-motors/iflight-xing2-1806-1600kv-2500kv-motor-1-5mm-shaft.html,https://pyrodrone.com/collections/motors/products/flywoo-nin-motor-nt1103-1103-1-3s-special-gold-choose-kv
motor,HappyModel,HappyModel EX 0802 19000Kv Whoop/Micro Motor for Mobula 6 HD - CW,11.11,15,2500,25,12,6,16,16,https://cdn.shopify.com/s/files/1/1285/4651/products/asdadasdasdasa_c941e47c-aa49-4ac4-8e4f-432e1dd0ba9e_512x512.jpg?v=1596557150,https://racedayquads.com/products/happymodel-ex-0802-19000kv-whoop-micro-motor-for-mobula-6-hd-cw,https://www.getfpv.com/motors/mini-quad-motors/iflight-xing2-2405-1800kv-1950kv-motor-unibell.html,https://pyrodrone.com/collections/motors/products/eco-micro-series-1106-4500kv-brushless-motor
motor,iFlight,iFlight Xing 2306 2450Kv Motor,13.25,15,4000,23,9,5,16,16,https://cdn.shopify.com/s/files/1/1285/4651/products/1_1f830c94-6b5c-4ecc-815b-58d31a7e8df3_512x512.jpg?v=1633996233,https://racedayquads.com/products/iflight-xing-2306-2450kv-motor,https://www.getfpv.com/motors/mini-quad-motors/iflight-xing2-2306-1755kv-2555kv-motor.html,https://pyrodrone.com/collections/motors/products/t-motor-velox-veloce-v2306-5-v2-1950kv
motor,NewBeeDrone,NewBeeDrone Plaid Edition 0802 20000Kv Motor 4 Pack,18.11,28,3200,19,9,5,16,16,https://cdn.shopify.com/s/files/1/1285/4651/products/brushlessplaid2_512x512.jpg?v=1637690440,https://racedayquads.com/products/newbeedrone-plaid-edition-0802-20000kv-motor-4-pack,https://www.getfpv.com/motors/mini-quad-motors/t-motor-f2203-5-1500kv-2850kv-3550kv-motor.html,https://pyrodrone.com/collections/motors/products/hyperlite-1408-3022kv-race-series
motor,Axis Flying,Axis Flying AE 2306.5 1800Kv Motor,68.81,32,3600,15,5,5,16,16,https://cdn.shopify.com/s/files/1/1285/4651/products/20220822140211-scaled_512x512.jpg?v=1661551951,https://racedayquads.com/products/axis-flying-ae2306-5-1800kv-motor,https://www.getfpv.com/motors/mini-quad-motors/t-motor-mck-2207-5-v3-1910kv-2100kv-motor.html,https://pyrodrone.com/collections/motors/products/hyperlite-2207-5-e-series-1922kv
motor,T-Motor,T-Motor V2808 1500Kv Motor,11.65,25,1900,15,10,6,16,16,https://cdn.shopify.com/s/files/1/1285/4651/products/tmotor2808-3_512x512.jpg?v=1659645764,https://racedayquads.com/products/t-motor-v2808-1500kv-motor,https://www.getfpv.com/motors/mini-quad-motors/t-motor-velox-v2306-5-2550kv-motor.html,https://pyrodrone.com/collections/motors/products/happymodel-ex1103-8000kv-brushless-motors-set-of-4
motor,T-Motor,T-Motor F1404 3800Kv Micro Motor,100.86,25,1600,18,4,3,16,16,https://cdn.shopify.com/s/files/1/1285/4651/products/1609828870728051665_512x512.jpg?v=1610996113,https://racedayquads.com/products/t-motor-f1404-3800kv-micro-motor,https://www.getfpv.com/motors/mini-quad-motors/stan-fpv-2604-1690kv-6s-pro-motor-5mm-shaft.html,https://pyrodrone.com/collections/motors/products/hyperlite-2306-5-e-series-1722kv
motor,RUSHFPV,RUSHFPV Vroom Farouk 2505.5 2000Kv Motor,16.44,37,4100,24,5,4,16,16,https://cdn.shopify.com/s/files/1/1285/4651/products/F_512x512.jpg?v=1648590368,https://racedayquads.com/products/rush-fpv-vroom-farouk-2505-5-2000kv-motor,https://www.getfpv.com/motors/mini-quad-motors/iflight-xing2-2207-motor-1855kv-2755kv.html,https://pyrodrone.com/collections/motors/products/rcinpower-gts-v2-1207-6000kv-motor-choose-color
motor,EMAX,EMAX 0802 II 15000Kv Micro Motor for Tinyhawk 3,91.77,22,2300,18,9,4,16,16,https://cdn.shopify.com/s/files/1/1285/4651/products/th3motor0_512x512.jpg?v=1639245993,https://racedayquads.com/products/emax-tinyhawk-3-spare-parts-0802-ii-15000kv-micro-motor,https://www.getfpv.com/motors/mini-quad-motors/iflight-xing2-1404-3000kv-3800kv-4600kv-toothpick-motor.html,https://pyrodrone.com/collections/motors/products/t-motor-f2004-3000kv-motors
motor,Axis Flying,Axis Flying Blackbird V3 2207 1975Kv Motor,33.31,43,2700,16,7,4,16,16,https://cdn.shopify.com/s/files/1/1285/4651/products/4-5_512x512.jpg?v=1648242890,https://racedayquads.com/products/axis-flying-blackbird-v3-2207-1975kv-motor,https://www.getfpv.com/motors/mini-quad-motors/xhover-projects-xh2207-5-1711kv-motor.html,https://pyrodrone.com/collections/motors/products/rcinpower-gts-v2-1506-brushless-motor-for-fpv-racing-4300kv-choose-color
motor,T-Motor,T-Motor Pacer V3 2207 2080Kv Motor,33.49,34,2500,19,8,4,16,16,https://cdn.shopify.com/s/files/1/1285/4651/products/P2207V3_2_e419ed46-2221-48a8-b6d_2d971755-ff99-42a4-b387-6aa731d9bc60_512x512.png?v=1649198079,https://racedayquads.com/products/t-motor-pacer-v3-2207-2080kv-motor,https://www.getfpv.com/motors/mini-quad-motors/xhover-xh2207-1824kv-cinematic-motor-v2.html,https://pyrodrone.com/collections/motors/products/iflight-xing-2205-fpv-nextgen-motor-2300kv
motor,BrotherHobby,BrotherHobby VY 1504.5 3950Kv Micro Motor,46.78,24,4200,21,8,5,16,16,https://cdn.shopify.com/s/files/1/1285/4651/products/ce60a180cf_6f73bf4b-4bc3-48b0-8c00-08bb4afcf1ca_512x512.jpg?v=1595609879,https://racedayquads.com/products/brotherhobby-vy-1504-5-3950kv-micro-motor,https://www.getfpv.com/motors/mini-quad-motors/iflight-xing-2203-5-1900kv-2700kv-motor-1-5mm-shaft.html,https://pyrodrone.com/collections/motors/products/tmotor-f15-1106-4500kv-motor
motor,EMAX,EMAX ECO 1407 3300Kv Micro Motor,33.0,21,1700,21,4,3,16,16,https://cdn.shopify.com/s/files/1/1285/4651/products/14073_4821d48b-cd78-476b-a0ab-d9abbb535e8b_512x512.jpg?v=1627434093,https://racedayquads.com/products/emax-eco-1407-3300kv-micro-motor,https://www.getfpv.com/motors/mini-quad-motors/newbeedrone-flow-2306-5-1850kv-2450kv-motor-combo-kit.html,https://pyrodrone.com/collections/motors/products/hyperlite-2807-5-e-series-1722kv
motor,T-Motor,T-Motor F1103 11000Kv Micro Motor,75.40,29,2900,25,4,5,16,16,https://cdn.shopify.com/s/files/1/1285/4651/products/f11034_7aa1b302-18f1-4518-ade8-b490633ddf04_512x512.jpg?v=1627390256,https://racedayquads.com/products/t-motor-f1103-11000kv-micro-motor,https://www.getfpv.com/motors/mini-quad-motors/t-motor-velox-veloce-v2208-v2-motor-1750kv-1950kv-2450kv-gray.html,https://pyrodrone.com/collections/motors/products/iflight-xing2-1404-4600kv-motor
motor,EMAX,EMAX TH1103 7000Kv Micro Motor for Tinyhawk Freestyle,67.32,22,2000,30,10,3,16,16,https://cdn.shopify.com/s/files/1/1285/4651/products/thfx_th1103_7000kv3_512x512.jpg?v=1626881916,https://racedayquads.com/products/emax-th1103-7000kv-motor-for-tinyhawk-freestyle,https://www.getfpv.com/motors/mini-quad-motors/t-motor-velox-veloce-v2207-5-v2-motor-1750kv-2550kv-royal-blue.html,https://pyrodrone.com/collections/motors/products/flywoo-nin-1404-v2-ultralight-fpv-motor
motor,Rcinpower,Rcinpower GTS-V3 2107 Plus 2080Kv Motor - Choose Color,54.59,25,3900,22,10,5,16,16,https://cdn.shopify.com/s/files/1/1285/4651/products/11_0f5c0002-12de-4b4b-b20a-6853357caedd_512x512.jpg?v=1642192719,https://racedayquads.com/products/rcinpower-gts-v3-2107-plus-2080kv-motor-choose-color,https://www.getfpv.com/motors/mini-quad-motors/t-motor-velox-veloce-v2307-v2-motor-1950kv-2550kv-rose-gold.html,https://pyrodrone.com/collections/motors/products/t-motor-f80-pro-2200kv-motor
motor,T-Motor,T-Motor Pacer V3-2 2306 1950Kv Motor,11.55,21,2700,19,7,5,16,16,https://cdn.shopify.com/s/files/1/1285/4651/products/2_047cdce2-2a75-4f4f-9ac8-b42ac7187872_512x512.jpg?v=1652907038,https://racedayquads.com/products/t-motor-pacer-v3-2306-1950kv-motor,https://www.getfpv.com/motors/mini-quad-motors/t-motor-velox-veloce-v2-v2306-5-motor-royal-blue-1950kv-2550kv.html,https://pyrodrone.com/collections/motors/products/rcinpower-gts-1204-8000kv-motor-choose-color
motor,Rcinpower,Rcinpower GTS-V3 2107 Plus 1980Kv Motor - Choose Color,17.50,32,3100,24,12,3,16,16,https://cdn.shopify.com/s/files/1/1285/4651/products/11_1b4188bb-5f8f-42be-907c-a06e8bb6a63f_512x512.jpg?v=1642189239,https://racedayquads.com/products/rcinpower-gts-v3-2107-plus-1980kv-motor-choose-color,https://www.getfpv.com/motors/mini-quad-motors/xhover-xh2207-2500kv-cinematic-motor-v2.html,https://pyrodrone.com/collections/motors/products/rcinpower-gts-v2-1506-brushless-motor-for-fpv-racing-3000kv-choose-color
motor,FPV Cycle,FPV Cycle 23mm Short 3450Kv Motor - M3 Prop Shaft w/ M5 Adapter,76.36,22,3000,22,11,3,16,16,https://cdn.shopify.com/s/files/1/1285/4651/products/2_7ba0eb38-e831-46ea-9f78-727910aaf29f_512x512.jpg?v=1634743960,https://racedayquads.com/products/fpv-cycle-23mm-short-3450kv-motor,https://www.getfpv.com/motors/mini-quad-motors/stan-fpv-2203-3390kv-pro-motor-v2-t-mount.html,https://pyrodrone.com/collections/motors/products/iflight-xing2-1404-3800kv-motor
motor,Diatone,Diatone Mamba Toka 1404 4000Kv Micro Motor,13.67,40,2700,30,5,4,16,16,https://cdn.shopify.com/s/files/1/1285/4651/products/1404green_b5230f67-3663-47e7-a16a-9e94ea691fc3_512x512.jpg?v=1619199146,https://racedayquads.com/products/diatone-mamba-toka-1404-4000kv-micro-motor,https://www.getfpv.com/motors/mini-quad-motors/stan-fpv-2203-3390kv-pro-motor-v2-5mm-shaft.html,https://pyrodrone.com/collections/motors/products/brotherhobby-avenger-2808-1500kv-motor
motor,EMAX,EMAX ECO 1407 4100Kv Micro Motor,29.35,37,2100,16,9,6,16,16,https://cdn.shopify.com/s/files/1/1285/4651/products/14073_512x512.jpg?v=1583882319,https://racedayquads.com/products/emax-eco-1407-4100kv,https://www.getfpv.com/motors/mini-quad-motors/lumenier-2005-2000kv-2600kv-chief-ultra-light-motor.html,https://pyrodrone.com/collections/motors/products/happymodel-ex1102-10000kv-brushless-whoop-micro-motor-for-mobula7-hd
motor,EMAX,EMAX ECO 1404 6000Kv Micro Motor,79.80,17,2000,24,12,3,16,16,https://cdn.shopify.com/s/files/1/1285/4651/products/14045_2aad059f-21fd-4382-927a-17af082ad0c0_512x512.jpg?v=1627185771,https://racedayquads.com/products/emax-eco-1404-6000kv-micro-motor,https://www.getfpv.com/motors/mini-quad-motors/iflight-xing-2005-1900kv-2550kv-motor-1pc.html,https://pyrodrone.com/collections/motors/products/iflight-xing-x1404-3800kv-motor-ultralight-build-unibell
motor,BrotherHobby,BrotherHobby VS 2207 2400Kv Motor,95.54,22,2100,19,10,3,16,16,https://cdn.shopify.com/s/files/1/1285/4651/products/2_0c6cfbb1-3080-44a4-a4e8-d91b8ee55348_512x512.jpg?v=1632861663,https://racedayquads.com/products/brotherhobby-vs-2207-2400kv-motor,https://www.getfpv.com/motors/mini-quad-motors/hypershot-1507-5-3922kv-2922kv-cinewhoop-motor-1-5mm-t-mount.html,https://pyrodrone.com/collections/motors/products/xnova-lightning-2208-v2n-fpv-combo-4-motors
motor,Foxeer ,Foxeer Datura 2105.5 2950Kv Motor,61.93,27,2800,24,9,3,16,16,https://cdn.shopify.com/s/files/1/1285/4651/products/5_4d0ede53-d800-43ae-9330-6c98136080f6_512x512.jpg?v=1643928632,https://racedayquads.com/products/foxeer-datura-2105-5-2950kv-motor,https://www.getfpv.com/motors/mini-quad-motors/t-motor-velox-v2206-5-1750kv-2550kv-motor-booster-edition.html,https://pyrodrone.com/collections/motors/products/hyperlite-2207-5-e-series-2222kv
motor,BrotherHobby,BrotherHobby Tornado T5 3115 Pro 640Kv Motor,13.64,21,2200,15,4,4,16,16,https://cdn.shopify.com/s/files/1/1285/4651/products/457a36f473_8150faf4-699c-41b2-a609-6b8b7eb1a56c_512x512.jpg?v=1650308560,https://racedayquads.com/products/brotherhobby-tornado-t5-3115-pro-640kv-motor,https://www.getfpv.com/motors/mini-quad-motors/hypershot-1507-5-3922kv-2922kv-cinewhoop-motor-m5-shaft.html,https://pyrodrone.com/collections/motors/products/t-motor-f2203-5-2850kv-motors
motor,FPV Cycle,FPV Cycle 13mm 6350Kv Motor,61.26,17,3700,20,4,3,16,16,https://cdn.shopify.com/s/files/1/1285/4651/products/2_406e508f-fb26-49e1-bfab-c6a5e29061cc_512x512.jpg?v=1634748880,https://racedayquads.com/products/fpv-cycle-13mm-6350kv-motor,https://www.getfpv.com/motors/mini-quad-motors/t-motor-f2004-1700kv-3000kv-motor.html,https://pyrodrone.com/collections/motors/products/hyperlite-2206-5-1922kv-team-edition
motor,Foxeer ,Foxeer Datura 2306.5 2020Kv Motor,62.32,16,2300,27,7,4,16,16,https://cdn.shopify.com/s/files/1/1285/4651/products/66_1adb2587-5e0e-4113-932a-34ab75b44ee7_512x512.jpg?v=1652987192,https://racedayquads.com/products/foxeer-datura-2306-5-2020kv-motor,https://www.getfpv.com/motors/mini-quad-motors/iflight-xing-2203-5-2500kv-3600kv-motor-1pc.html,https://pyrodrone.com/collections/motors/products/ethix-mr-steele-stout-motor-v4-2306-1750kv-tumbled-edition
motor,T-Motor,T-Motor 0803 22000Kv Micro Motor,75.42,41,2200,26,12,3,16,16,https://cdn.shopify.com/s/files/1/1285/4651/products/0803-1_512x512.jpg?v=1636742811,https://racedayquads.com/products/t-motor-0803-22000kv-micro-motor,https://www.getfpv.com/motors/mini-quad-motors/t-motor-velox-v2-v2207-1750kv-1950kv-2550kv-motor.html,https://pyrodrone.com/collections/motors/products/emax-rs1108-performance-brushless-motor
motor,T-Motor,T-Motor F40 Pro IV 1950Kv Motor - Choose Your Color,46.16,27,3800,30,4,5,16,16,https://cdn.shopify.com/s/files/1/1285/4651/products/P7170015_512x512.jpg?v=1627187746,https://racedayquads.com/products/t-motor-f40-pro-iv-1950kv-motor,https://www.getfpv.com/motors/mini-quad-motors/t-motor-velox-v2-v2306-1950kv-2400kv-motor.html,https://pyrodrone.com/collections/motors/products/emax-eco-ii-2004-brushless-motor-2400kv
motor,T-Motor,T-Motor F1408 1408 3950Kv Motor,61.43,38,2500,20,4,3,16,16,https://cdn.shopify.com/s/files/1/1285/4651/products/3_637ee6a7-2ed2-48c6-83d7-47b68214620a_512x512.jpg?v=1656096464,https://racedayquads.com/products/t-motor-f1408-1408-3950kv-motor,https://www.getfpv.com/motors/mini-quad-motors/t-motor-pacer-v2-p2306-powerful-freestyle-1950kv-2550kv-motor.html,https://pyrodrone.com/collections/motors/products/hyperlite-2207-5-2222kv-team-edition
motor,EMAX,EMAX ECO II 2004 2000Kv Motor,77.78,45,1800,16,7,6,16,16,https://cdn.shopify.com/s/files/1/1285/4651/products/eco20042_0103daa3-ff42-47e1-9210-4ac166f52aac_512x512.jpg?v=1639250205,https://racedayquads.com/products/emax-eco-ii-2004-2000kv-motor,https://www.getfpv.com/motors/mini-quad-motors/lumenier-2306-johnnyfpv-cinematic-v2-motor-1750kv-2250kv-2550kv.html,https://pyrodrone.com/collections/motors/products/iflight-xing-e-1103-8000kv-micro-motor-for-alpha-a75-2pcs
motor,Rcinpower,Rcinpower GTS-V3 2107 Plus 2480Kv Motor - Choose Color,69.79,43,2100,26,5,6,16,16,https://cdn.shopify.com/s/files/1/1285/4651/products/11_23d04fc8-7b2d-406f-ace1-2d76bbbb9f52_512x512.jpg?v=1642193199,https://racedayquads.com/products/rcinpower-gts-v3-2107-plus-2480kv-motor-choose-color,https://www.getfpv.com/motors/mini-quad-motors/hglrc-aeolus-2306-5-1900kv-2550kv-motor.html,https://pyrodrone.com/collections/motors/products/hyperlite-1404-5-fpv-micro-lr-drone-motor-2722kv
motor,EMAX,EMAX TH1103 7500Kv Micro Motor for Tinyhawk II Race,17.52,39,2400,19,9,5,16,16,https://cdn.shopify.com/s/files/1/1285/4651/products/thfx_th1103_7000kv4_1b441762-b5e5-45e2-b2bd-544a56101299_512x512.jpg?v=1592840473,https://racedayquads.com/products/emax-th1103-7500kv-motor-for-tinyhawk-ii-race,https://www.getfpv.com/motors/mini-quad-motors/rcinpower-smoox-1507-plus-2680kv-3800kv-4200kv-motor.html,https://pyrodrone.com/collections/motors/products/hyperlite-2208-5-2522kv-team-edition
motor,BetaFPV,BetaFPV 1103 11000Kv Micro/Whoop Motor 4 Pack,14.19,40,1700,27,9,3,16,16,https://cdn.shopify.com/s/files/1/1285/4651/products/3_345x_2x_1519894a-a4f2-4418-a612-568bd6049f24_512x512.jpg?v=1626807613,https://racedayquads.com/products/betafpv-1103-11000kv-brushless-motors,https://www.getfpv.com/motors/mini-quad-motors/rcinpower-gts-v2-2207-plus-motor-1860kv-2500kv-2750kv.html,https://pyrodrone.com/collections/motors/products/t-motor-f1507-2700kv
motor,AMAXinno,AMAXinno Superleggera A-Bell 2305.5 1950Kv Motor,97.63,44,3600,23,5,3,16,16,https://cdn.shopify.com/s/files/1/1285/4651/products/Superleggera2305-5_Motor_A-Motors-550x550_0ce9a352-9f25-4c1f-91b1-ad1a39388390_512x512.jpg?v=1654291597,https://racedayquads.com/products/amax-superleggera-a-bell-2305-5-1950kv-motor,https://www.getfpv.com/motors/mini-quad-motors/rcinpower-smoox-2306-plus-motor-1350kv-1880kv-2280kv-2580kv.html,https://pyrodrone.com/collections/motors/products/betafpv-1102-brushless-motor-18000kv-4pc
motor,Rcinpower,Rcinpower SmooX Plus 1507 2680Kv Micro Motor,15.87,43,2300,28,8,3,16,16,https://cdn.shopify.com/s/files/1/1285/4651/products/rcINpowerSmoox15072690kvGunOrange_2_512x512.jpg?v=1591221135,https://racedayquads.com/products/rcinpower-smoox-plus-1507-2680kv-motor,https://www.getfpv.com/motors/mini-quad-motors/rcinpower-wasp-major-22-6-6-5-1860kv-2020kv-2420kv-motor.html,https://pyrodrone.com/collections/motors/products/brotherhobby-lpd-2806-5-1300kv-motor
motor,FPV Cycle,FPV Cycle 13mm 5000Kv Micro Motor,66.91,38,4100,23,12,3,16,16,https://cdn.shopify.com/s/files/1/1285/4651/products/2_3bd0ef97-dda4-4470-af1d-ba7149b6af41_512x512.jpg?v=1631992221,https://racedayquads.com/products/fpv-cycle-13mm-5000kv-micro-motor,https://www.getfpv.com/motors/mini-quad-motors/brotherhobby-lpd-2806-5-1300kv-1700kv-motor.html,https://pyrodrone.com/collections/motors/products/xnova-2207-freestyle-smooth-line-combo-4-pcs
motor,BrotherHobby,BrotherHobby Tornado T2 1407 3600Kv Micro Motor,85.78,34,3100,15,7,3,16,16,https://cdn.shopify.com/s/files/1/1285/4651/products/2_f48b4e4b-0166-42d6-9734-3b4eb91b167e_512x512.jpg?v=1629215302,https://racedayquads.com/products/brotherhobby-tornado-t2-1407-3600kv-micro-motor,https://www.getfpv.com/motors/mini-quad-motors/brotherhobby-gom-2207-5-1750kv-1920kv-2500kv-motor.html,https://pyrodrone.com/collections/motors/products/rcinpower-wasp-major-22-6-6-5-gold
motor,BrotherHobby,BrotherHobby VY 1507 4150Kv Micro Motor,79.21,19,2600,21,10,5,16,16,https://cdn.shopify.com/s/files/1/1285/4651/products/vy1507-4150_512x512.jpg?v=1626832162,https://racedayquads.com/products/brotherhobby-vy-1507-4150v-micro-motor,https://www.getfpv.com/motors/mini-quad-motors/brotherhobby-lpd-2306-5-2000kv-2450kv-2650kv-motor.html,https://pyrodrone.com/collections/motors/products/emax-th1103-tinyhawk-ii-race-replacement-motor-7500kv
motor,T-Motor,T-Motor F60 Pro IV V2 2550Kv Racing Motor - Blue,27.31,31,2900,23,8,5,16,16,https://cdn.shopify.com/s/files/1/1285/4651/products/44444444444_512x512.jpg?v=1638473268,https://racedayquads.com/products/t-motor-f60-pro-iv-v2-2550kv-racing-motor-blue,https://www.getfpv.com/motors/mini-quad-motors/lumenier-1507-2-turbine-motor.html,https://pyrodrone.com/collections/motors/products/tbs-grinder-v3-2207-1750kv-freestyle-motor
motor,BrotherHobby,BrotherHobby VY 1507 3100Kv Micro Motor,91.53,20,3500,26,7,3,16,16,https://cdn.shopify.com/s/files/1/1285/4651/products/vy1507-3100_512x512.jpg?v=1626919421,https://racedayquads.com/products/brotherhobby-vy-1507-3100kv-micro-motor,https://www.getfpv.com/motors/mini-quad-motors/diatone-mamba-toka-2207-5-1700kv-1800kv-2450kv-2650kv-motor.html,https://pyrodrone.com/collections/motors/products/t-motor-velox-veloce-v2207-5-v2-1950kv
motor,Diatone,Diatone Mamba Toka 2004 1700Kv Micro Motor,21.12,17,2500,26,12,5,16,16,https://cdn.shopify.com/s/files/1/1285/4651/products/greenmamba_0122e1c6-8c76-4adf-b55e-8b6b5b5ee4d9_512x512.jpg?v=1619202741,https://racedayquads.com/products/diatone-mamba-toka-2004-1700kv-micro-motor,https://www.getfpv.com/motors/mini-quad-motors/brotherhobby-avenger-v3-2812-900kv-1115kv-motor-cw.html,https://pyrodrone.com/collections/motors/products/xnova-t1804-fpv-racing-series-motor-3500kv-4pcs-combo
motor,Diatone,Diatone Mamba Toka 2207.5 1700Kv Motor,64.75,44,2400,26,11,4,16,16,https://cdn.shopify.com/s/files/1/1285/4651/products/toka2207.51_512x512.jpg?v=1609005541,https://racedayquads.com/products/diatone-mamba-toka-2207-5-1700kv-motor,https://www.getfpv.com/motors/mini-quad-motors/stan-fpv-2604-2410kv-pro-motor-5mm-shaft.html,https://pyrodrone.com/collections/motors/products/hyperlite-1804-5-2522kv-ul-series-by-pyrodrone
motor,RUSHFPV,RUSHFPV Reactor Training 2207 2060Kv Motor,88.11,40,2800,18,5,5,16,16,https://cdn.shopify.com/s/files/1/1285/4651/products/2_d3c272d7-4ebd-4804-a17f-bbed6c55bc7f_512x512.jpg?v=1648590884,https://racedayquads.com/products/rush-fpv-reactor-training-2207-2060kv-motor,https://www.getfpv.com/motors/mini-quad-motors/brotherhobby-dxa-2207-5-1750kv-1920kv-motor-cw.html,https://pyrodrone.com/collections/motors/products/rcinpower-gts-v3-1002-19000kv-fpv-drone-motor-choose-color
motor,RUSHFPV,RUSHFPV Reactor Training 2207 1860Kv Motor,11.12,16,1800,19,6,4,16,16,https://cdn.shopify.com/s/files/1/1285/4651/products/5_1f0e92ed-4ef3-41b9-9d30-d3d559502499_512x512.jpg?v=1657899279,https://racedayquads.com/products/rushfpv-reactor-training-2207-1860kv-motor,https://www.getfpv.com/motors/mini-quad-motors/stan-fpv-2604-2410kv-pro-motor-t-mount.html,https://pyrodrone.com/collections/motors/products/hyperlite-2306-5-e-series-1922kv
motor,RUSHFPV,RUSHFPV Reactor Training 2207 1960Kv Motor,89.75,38,3400,24,8,4,16,16,https://cdn.shopify.com/s/files/1/1285/4651/products/2_5ab29d83-9ed4-4e7a-be1e-87d8c6766a49_512x512.jpg?v=1648590524,https://racedayquads.com/products/rush-fpv-reactor-training-2207-1960kv-motor,https://www.getfpv.com/motors/mini-quad-motors/emax-eco-ii-series-2207-motor-1700kv-1900kv-2400kv.html,https://pyrodrone.com/collections/motors/products/t-motor-velox-veloce-v2207-5-v2-1750kv
motor,NewBeeDrone,NewBeeDrone Gold Edition 0802 18000Kv Motor 4 Pack,36.13,25,1900,22,7,4,16,16,https://cdn.shopify.com/s/files/1/1285/4651/products/Untitled-3_94255f96-e5b7-4c2b-8c49-ff79160cc339_512x512.jpg?v=1643752352,https://racedayquads.com/products/newbeedrone-gold-edition-0802-18000kv-motor-4-pack,https://www.getfpv.com/motors/mini-quad-motors/emax-eco-ii-series-2306-motor-1700kv-1900kv-2400kv.html,https://pyrodrone.com/collections/motors/products/hyperlite-1303-5-fpv-drone-motor-8022kv
motor,FPV Cycle,FPV Cycle 16mm 3700Kv Motor - Choose Version,69.72,23,1800,18,12,5,16,16,https://cdn.shopify.com/s/files/1/1285/4651/products/44_d3d09464-67da-4772-818f-0a1914390363_512x512.jpg?v=1656369038,https://racedayquads.com/products/fpv-cycle-16mm-3700kv-motor,https://www.getfpv.com/motors/mini-quad-motors/emax-eco-ii-series-2807-motor-1300kv-1500kv-1700kv.html,https://pyrodrone.com/collections/motors/products/hyperlite-2207-5-e-series-2522kv
motor,AMAXinno,AMAXinno Superleggera A-Bell 2305.5 1750Kv Motor,99.95,35,2800,25,7,4,16,16,https://cdn.shopify.com/s/files/1/1285/4651/products/Superleggera2305-5_Motor_A-Motors-550x550_512x512.jpg?v=1654291230,https://racedayquads.com/products/amax-superleggera-2305-5-1750kv-motor,https://www.getfpv.com/motors/mini-quad-motors/xilo-stealth-1408-motor-2400kv-3600kv.html,https://pyrodrone.com/collections/motors/products/flywoo-nin-v2-1404-2750kv-micro-motor-dave_c-edition
motor,T-Motor,T-Motor Pacer V3 2306 2550Kv Motor,16.72,20,3700,18,11,5,16,16,https://cdn.shopify.com/s/files/1/1285/4651/products/2_79760ceb-7f4a-4712-81eb-17b38e2dc1d6_512x512.jpg?v=1649359845,https://racedayquads.com/products/t-motor-pacer-v3-2306-2550kv-motor,https://www.getfpv.com/motors/mini-quad-motors/flywoo-nin-2806-5-v2-1350kv-1750kv-fpv-motor.html,https://pyrodrone.com/collections/motors/products/t-motor-f1404-micro-long-range-motors-3800kv
motor,AMAXinno,AMAXinno Superleggera A-Bell 2305.5 2550Kv Motor,16.23,31,4000,17,8,5,16,16,https://cdn.shopify.com/s/files/1/1285/4651/products/Superleggera2305-5_Motor_A-Motors-550x550_66eee400-d152-4dbe-9bbc-b65e8732ccb3_512x512.jpg?v=1654291591,https://racedayquads.com/products/amax-superleggera-a-bell-2305-5-2550kv-motor,https://www.getfpv.com/motors/mini-quad-motors/flywoo-robo-rb-1507-v2-2850kv-3850kv-fpv-motor.html,https://pyrodrone.com/collections/motors/products/hyperlite-1204-5-fpv-drone-motor-8022kv
motor,Flywoo ,Flywoo Robo 1202.5 11500Kv Micro Motor,92.23,24,1700,30,11,5,16,16,https://cdn.shopify.com/s/files/1/1285/4651/products/P6110657_512x512.jpg?v=1591927081,https://racedayquads.com/products/flywoo-robo-1202-5-11500kv-micro-motor,https://www.getfpv.com/motors/mini-quad-motors/flywoo-nin-2306-5-v2-1750kv-1350kv-2450kv-motor-1pc.html,https://pyrodrone.com/collections/motors/products/flash-hobby-arthur-1204-5200kv-micro-motor
motor,T-Motor,T-Motor 0802 25000Kv Micro Motor,78.19,36,3500,22,7,6,16,16,https://cdn.shopify.com/s/files/1/1285/4651/products/0802-1_512x512.jpg?v=1636742446,https://racedayquads.com/products/t-motor-0802-25000kv-micro-motor,https://www.getfpv.com/motors/mini-quad-motors/hyperlite-2408-5-1622kv-1922kv-2222kv-2522kv-motor-team-edition.html,https://pyrodrone.com/collections/motors/products/t-motor-f2203-5-3550kv-motor
motor,Stan FPV,Stan FPV Pro V2 2203 3390Kv Micro Motor - Choose Version,62.16,29,2200,26,7,3,16,16,https://cdn.shopify.com/s/files/1/1285/4651/products/stanfpv2203_512x512.jpg?v=1626998313,https://racedayquads.com/products/stan-fpv-pro-v2-2203-3390kv-micro-motor,https://www.getfpv.com/motors/mini-quad-motors/brotherhobby-vy-2004-1700kv-1950kv-2100kv-3150kv-motor.html,https://pyrodrone.com/collections/motors/products/hyperlite-2207-5-e-series-1722kv
motor,Rcinpower,Rcinpower GTS-V2 1202.5 6000Kv Micro Motor,81.97,43,1800,19,6,6,16,16,https://cdn.shopify.com/s/files/1/1285/4651/products/rcINpower12026000kvOrange_2_512x512.jpg?v=1591137111,https://racedayquads.com/products/rcinpower-gts-v2-1202-5-6000kv-motor,https://www.getfpv.com/motors/mini-quad-motors/t-motor-black-bird-2207-v2-0-1950kv-2800kv-motor-1pc.html,https://pyrodrone.com/collections/motors/products/t-motor-f2203-5-1500kv-motors
motor,NewBeeDrone,NewBeeDrone Flow 2004 3100Kv Motor,39.42,17,3600,19,12,4,16,16,https://cdn.shopify.com/s/files/1/1285/4651/products/nbd2004-2_512x512.jpg?v=1650498412,https://racedayquads.com/products/newbeedrone-flow-2004-3100kv-motor,https://www.getfpv.com/motors/mini-quad-motors/t-motor-heiko-2207-5-1750kv-motor-1pc.html,https://pyrodrone.com/collections/motors/products/t-motor-f1507-3800kv-motor
motor,T-Motor,T-Motor F100 2810 1100Kv Motor,83.93,32,1600,26,6,5,16,16,https://cdn.shopify.com/s/files/1/1285/4651/products/239556439_243045814363796_2771398170282756148_n_512x512.jpg?v=1630177713,https://racedayquads.com/products/t-motor-f100-2810-1100kv-motor,https://www.getfpv.com/motors/mini-quad-motors/flywoo-nin-2306-5-1750kv-2450kv-motor-1pc.html,https://pyrodrone.com/collections/motors/products/xnova-1804-fpv-series-1-pc-choose-kv
motor,EMAX,EMAX TH12025 11000Kv Motor For Nanohawk X,47.86,29,3400,21,5,3,16,16,https://cdn.shopify.com/s/files/1/1285/4651/products/2_370f893c-9ac2-49c9-8506-606ab5c5adb3_512x512.jpg?v=1633988205,https://racedayquads.com/products/emax-th12025-11000kv-motor-for-nanohark-x,https://www.getfpv.com/motors/mini-quad-motors/iflight-xing-c-1408-cinewhoop-motor-1pc.html,https://pyrodrone.com/collections/motors/products/rcinpower-gts-v3-1002-14000kv-fpv-drone-motor-choose-color
motor,Axis Flying,Axis Flying AE 2306.5 1960Kv Motor,12.36,18,2100,24,8,4,16,16,https://cdn.shopify.com/s/files/1/1285/4651/products/20220822140241-scaled_512x512.jpg?v=1661552311,https://racedayquads.com/products/axis-flying-ae2306-5-1960kv-motor,https://www.getfpv.com/motors/mini-quad-motors/t-motor-f40-pro-iv-1950kv-2400kv-motor.html,https://pyrodrone.com/collections/motors/products/brotherhobby-avenger-2808-1900kv-motor
motor,FPV Cycle,FPV Cycle 13mm 11400Kv Micro Motor,78.49,17,3300,30,6,3,16,16,https://cdn.shopify.com/s/files/1/1285/4651/products/2_1800x1800_913add59-6a29-490e-8569-26b53a524d28_512x512.jpg?v=1637105439,https://racedayquads.com/products/fpv-cycle-13mm-11400kv-micro-motor,https://www.getfpv.com/motors/mini-quad-motors/xilo-stealth-2206-2600kv-motor.html,https://pyrodrone.com/collections/motors/products/iflight-xing-nano-1202-fpv-nextgen-motor-choose-kv
motor,BetaFPV,BetaFPV 1404 4500Kv Micro Motor 4 Pack,26.99,16,1900,20,11,4,16,16,https://cdn.shopify.com/s/files/1/1285/4651/products/download-2021-05-03T183406.100_512x512.jpg?v=1627296633,https://racedayquads.com/products/betafpv-1404-4500kv-micro-motor-4-pack,https://www.getfpv.com/motors/mini-quad-motors/brotherhobby-avenger-v3-2306-5-2000kv-2450kv-motor.html,https://pyrodrone.com/collections/motors/products/hyperlite-1404-5-fpv-drone-motor-3622kv
motor,iFlight,iFlight Xing2 2306 2555Kv Replacement Bell,78.19,45,2000,29,8,6,16,16,https://cdn.shopify.com/s/files/1/1285/4651/products/xing2-2306-bell-1_512x512.jpg?v=1657404518,https://racedayquads.com/products/copy-of-iflight-xing2-2306-1755kv-replacement-bell,https://www.getfpv.com/motors/mini-quad-motors/iflight-cyber-xing-2207-5-1777kv-1999kv-2555kv-fpv-motor.html,https://pyrodrone.com/collections/motors/products/t-motor-f1303-5000kv-ultralite-motor
motor,T-Motor,T-Motor Black Bird V2 2207 1950Kv Motor,99.54,37,2100,21,10,6,16,16,https://cdn.shopify.com/s/files/1/1285/4651/products/4_c4538855-4979-4a93-b35d-7677e7f17ee0_512x512.jpg?v=1592430607,https://racedayquads.com/products/t-motor-black-bird-v2-2207-1950kv-motor,https://www.getfpv.com/motors/mini-quad-motors/iflight-cyber-xing-2306-1777kv-1999kv-2555kv-fpv-motor.html,https://pyrodrone.com/collections/motors/products/t-motor-f1404-micro-long-range-motors-4600kv
motor,NewBeeDrone,NewBeeDrone Flow 2004 2000Kv Motor,49.55,15,4200,28,10,3,16,16,https://cdn.shopify.com/s/files/1/1285/4651/products/nbd2004-2_bd2438b4-093c-4ace-a4f8-ed9366e8853c_512x512.jpg?v=1650498392,https://racedayquads.com/products/newbeedrone-flow-2004-2000kv-motor,https://www.getfpv.com/motors/mini-quad-motors/iflight-xing-x1507-fpv-nextgen-motor-2pcs.html,https://pyrodrone.com/collections/motors/products/hyperlite-1204-5-fpv-drone-motor-5022kv
motor,T-Motor,T-Motor VELOX V2 2208 1950Kv Motor - Grey,46.32,33,3500,15,8,5,16,16,https://cdn.shopify.com/s/files/1/1285/4651/products/2202velox2_a42800a1-3c3a-4f34-9663-1758c5afea0d_512x512.jpg?v=1612824302,https://racedayquads.com/products/t-motor-velox-v2-2208-1950kv-motor-grey,https://www.getfpv.com/motors/mini-quad-motors/t-motor-pacer-p2207-5-1750kv-1950kv-2550kv-motor.html,https://pyrodrone.com/collections/motors/products/rcinpower-smoox-2306-plus-motor-1880kv-chrome
motor,Diatone,Diatone Mamba Toka 1606 3100Kv Micro Motor,90.9,15,2500,19,9,5,16,16,https://cdn.shopify.com/s/files/1/1285/4651/products/2_f485871a-2a26-4bda-b709-ac440a1feccd_512x512.jpg?v=1629307839,https://racedayquads.com/products/diatone-mamba-toka-1606-3100kv-micro-motor,https://www.getfpv.com/motors/mini-quad-motors/t-motor-pacer-p2208-1750kv-1950kv-2550kv-motor.html,https://pyrodrone.com/collections/motors/products/apex-sonic-1103-9999kv-motor
motor,AMAXinno,AMAXinno Performante A-Bell 2207 1950Kv Motor,50.48,42,3600,15,12,4,16,16,https://cdn.shopify.com/s/files/1/1285/4651/products/Performante_2207_Motor_A-Motors-550x550_b6029c45-d324-4678-8a19-2d4a05b2a129_512x512.jpg?v=1654292191,https://racedayquads.com/products/amax-performante-a-bell-2207-1950kv-motor,https://www.getfpv.com/motors/mini-quad-motors/t-motor-velox-v2208-1750kv-1950kv-motor.html,https://pyrodrone.com/collections/motors/products/iflight-xing2-2405-1800kv-motor
motor,T-Motor,T-Motor Pacer V3 2207 2550Kv Motor,99.13,27,4000,15,7,3,16,16,https://cdn.shopify.com/s/files/1/1285/4651/products/P2207V3_2_e419ed46-2221-48a8-b6d_29b5a395-51b0-4235-9727-03d1c244ed01_512x512.png?v=1649198199,https://racedayquads.com/products/t-motor-pacer-v3-2207-2550kv-motor,https://www.getfpv.com/motors/mini-quad-motors/t-motor-velox-v2207-5-1750kv-1950kv-motor.html,https://pyrodrone.com/collections/motors/products/hyperlite-2306-5-e-series-2522kv
motor,FPV Cycle,FPV Cycle 21mm 1620Kv Motor - M3 Prop Shaft w/ M5 Adapter,92.87,44,2000,18,6,3,16,16,https://cdn.shopify.com/s/files/1/1285/4651/products/2_f613f0cd-d2c8-4553-8b7f-5bd78b232884_512x512.jpg?v=1634764832,https://racedayquads.com/products/fpv-cycle-21mm-1620kv-motor,https://www.getfpv.com/motors/mini-quad-motors/t-motor-velox-v2207-1750kv-1950kv-motor.html,https://pyrodrone.com/collections/motors/products/eco-micro-series-1106-6000kv-brushless-motor
motor,T-Motor,T-Motor F60 Pro V-LV 2207.5 1950Kv Racing Motor - Red,14.26,22,3100,20,11,5,16,16,https://cdn.shopify.com/s/files/1/1285/4651/products/f60-pro-v-lv-1950kv-motor-by-t-motor_1_512x512.jpg?v=1660242765,https://racedayquads.com/products/t-motor-f60-pro-lv-1950kv-racing-motor-red-grey,https://www.getfpv.com/motors/mini-quad-motors/lumenier-2306-johnnyfpv-cinematic-v2-popo-pro-motor-1750kv-2250kv-2550kv.html,https://pyrodrone.com/collections/motors/products/betafpv-1404-4500kv-brushless-motors-4pcs
motor,T-Motor,T-Motor V2812 1155Kv Motor,91.60,35,1600,23,10,3,16,16,https://cdn.shopify.com/s/files/1/1285/4651/products/srdgsdgsdfgersg_4ace9d69-b0ce-4196-bd8c-a69431ede527_512x512.jpg?v=1659730905,https://racedayquads.com/products/t-motor-v3008-1155kv-motor,https://www.getfpv.com/motors/mini-quad-motors/t-motor-f60-pro-iv-motor.html,https://pyrodrone.com/collections/motors/products/iflight-xing2-2306-2555kv-motor
motor,RUSHFPV,RUSHFPV Reactor Racing 2207.5 1930Kv Motor,31.28,33,2400,19,5,5,16,16,https://cdn.shopify.com/s/files/1/1285/4651/products/2_c99a345b-9961-4f69-840a-9f8580c85b61_512x512.jpg?v=1648594839,https://racedayquads.com/products/rush-fpv-reactor-racing-2207-5-1930kv-motor,https://www.getfpv.com/motors/mini-quad-motors/geprc-gr2207-5-1700kv-1920kv-2400kv-2750kv-motor.html,https://pyrodrone.com/collections/motors/products/betafpv-1506-3000kv-brushless-motor-1-piece
motor,Foxeer ,Foxeer Datura 2306.5 1850Kv Motor,70.55,44,2600,17,7,6,16,16,https://cdn.shopify.com/s/files/1/1285/4651/products/66_5730180a-6e43-4505-90c8-9c8bf36ae58d_512x512.jpg?v=1652986951,https://racedayquads.com/products/foxeer-datura-2306-5-1850kv-motor,https://www.getfpv.com/motors/mini-quad-motors/lumenier-zip-2307-popo-pro-motor-1750kv-2250kv-2550kv.html,https://pyrodrone.com/collections/motors/products/rcinpower-gts-v3-1002-22000kv-fpv-drone-motor-choose-color
motor,Foxeer ,Foxeer Datura 2207.5 1960Kv Motor,34.30,42,1800,26,11,4,16,16,https://cdn.shopify.com/s/files/1/1285/4651/products/7_b4f7a2e7-034a-4967-8c1b-5a1a2a6c0063_512x512.jpg?v=1643929833,https://racedayquads.com/products/foxeer-datura-2207-5-1960kv-motor,https://www.getfpv.com/motors/mini-quad-motors/lumenier-zip-2307-motor-1750kv-2250kv-2550kv.html,https://pyrodrone.com/collections/motors/products/betafpv-2004-brushless-motor-3000kv-4pc
motor,NewBeeDrone,NewBeeDrone Silver Edition 0703 16420Kv Micro Motor 4 Pack,98.30,29,3600,15,10,3,16,16,https://cdn.shopify.com/s/files/1/1285/4651/products/3_0397805d-28fa-48ab-94cb-a9f8b3e91b66_512x512.jpg?v=1652472879,https://racedayquads.com/products/newbeedrone-silver-edition-0703-16420kv-micro-motor-4-pack,https://www.getfpv.com/motors/mini-quad-motors/brotherhobby-speed-shield-v3-2207-5-1750kv-2400kv-motor.html,https://pyrodrone.com/collections/motors/products/iflight-xing-e-pro-2306-unibell-fpv-motor-1700kv
motor,AMAXinno,AMAXinno Performante A-Bell 2306 1750Kv Motor,88.89,37,4000,19,12,5,16,16,https://cdn.shopify.com/s/files/1/1285/4651/products/Performante_2306_Motor_A-Motors-550x550_512x512.jpg?v=1654291831,https://racedayquads.com/products/amax-performante-a-bell-2306-1750kv-motor,https://www.getfpv.com/motors/mini-quad-motors/t-motor-mck-v2-0-1950kv-2250kv-2550kv-motor.html,https://pyrodrone.com/collections/motors/products/t-motor-p2306-v2-kv1950
motor,BrotherHobby,BrotherHobby Avenger 2810 1500Kv Motor,96.54,18,4100,26,9,5,16,16,https://cdn.shopify.com/s/files/1/1285/4651/products/bh2_512x512.jpg?v=1627445641,https://racedayquads.com/products/brotherhobby-avenger-2810-1500kv-motor,https://www.getfpv.com/motors/mini-quad-motors/t-motor-f1507-v1-2700kv-3800kv-motor.html,https://pyrodrone.com/collections/motors/products/t-motor-f1507-3800kv-cinewhoop-motor
motor,AMAXinno,AMAXinno Performante A-Bell 2207 1750Kv Motor,94.43,26,3000,21,7,3,16,16,https://cdn.shopify.com/s/files/1/1285/4651/products/Performante_2207_Motor_A-Motors-550x550_512x512.jpg?v=1654292073,https://racedayquads.com/products/amax-performante-a-bell-2207-1750kv-motor,https://www.getfpv.com/motors/mini-quad-motors/ethix-cats-4s-2207-2400kv-motor.html,https://pyrodrone.com/collections/motors/products/t-motor-f1204-5000kv-6500kv-motor
motor,Flash Hobby,Flash Hobby Arthur 1506 4300Kv Motor,69.21,24,2000,21,5,6,16,16,https://cdn.shopify.com/s/files/1/1285/4651/products/2086_64c6acd7-8283-4cda-af78-89da6962656e_512x512.jpg?v=1598036759,https://racedayquads.com/products/flash-hobby-arthur-1506-4300kv-motor,https://www.getfpv.com/motors/mini-quad-motors/ethix-konasty-2407-2200kv-motor.html,https://pyrodrone.com/collections/motors/products/mamba-toka-1206-series-racing-motor-3600kv
motor,NewBeeDrone,NewBeeDrone Smoov V2 2306.5 2450Kv Motor,61.62,37,2200,21,4,4,16,16,https://cdn.shopify.com/s/files/1/1285/4651/products/1_f922cc75-813e-40ee-8909-bd87d1354da2_512x512.jpg?v=1650492640,https://racedayquads.com/products/newbeedrone-smoov-2306-5-2450kv-motor,https://www.getfpv.com/motors/mini-quad-motors/emax-pulsar-2306-led-motor-1700kv-2400kv.html,https://pyrodrone.com/collections/motors/products/rcinpower-smoox-2306-plus-motor-1880kv-teal-blue
motor,BrotherHobby,BrotherHobby TC 2004 3150Kv Micro Motor,75.6,44,2100,19,6,6,16,16,https://cdn.shopify.com/s/files/1/1285/4651/products/tc2004bh_eb3f4bc7-d289-4323-8a71-77232b21348c_512x512.jpg?v=1622045311,https://racedayquads.com/products/brotherhobby-tc-2004-3150kv-micro-motor,https://www.getfpv.com/motors/mini-quad-motors/tbs-ethix-mr-steele-2306-2345kv-silk-v3-motor.html,https://pyrodrone.com/collections/motors/products/t-motor-f80-pro-2500kv-motor
motor,T-Motor,T-Motor V3008 1155Kv Motor,70.60,31,2200,24,11,3,16,16,https://cdn.shopify.com/s/files/1/1285/4651/products/srdgsdgsdfgersg_512x512.jpg?v=1659648163,https://racedayquads.com/products/copy-of-t-motor-v3008-1155kv-motor,https://www.getfpv.com/motors/mini-quad-motors/wild-willy-s-special-juice-2306-motor-v2-1800-2300-2500-2700kv.html,https://pyrodrone.com/collections/motors/products/rcinpower-smoox-2306-plus-motor-1880kv-orange
motor,T-Motor,T-Motor Cine66 2812 925Kv Motor,50.80,40,2300,19,10,5,16,16,https://cdn.shopify.com/s/files/1/1285/4651/products/3_852bcf8f-044e-4ddb-b0a0-0972264de867_512x512.jpg?v=1633983520,https://racedayquads.com/products/t-motor-cine66-2812-925kv-motor,https://www.getfpv.com/motors/mini-quad-motors/t-motor-f60-pro-iii-motor.html,https://pyrodrone.com/collections/motors/products/hyperlite-1804-5-3022kv-ul-series-by-pyrodrone
motor,Rcinpower,Rcinpower GTS-V3 2105 Plus 2950Kv Motor - Choose Color,76.49,22,2500,24,6,6,16,16,https://cdn.shopify.com/s/files/1/1285/4651/products/Untitled-1_36876941-1ebe-46b0-b8c8-5926df5b914b_512x512.jpg?v=1642183130,https://racedayquads.com/products/rcinpower-gts-v3-2105-plus-2950kv-motor-choose-color,https://www.getfpv.com/motors/mini-quad-motors/lumenier-jb2208-bardwell-motor-1650kv-2400kv.html,https://pyrodrone.com/collections/motors/products/xnova-2808-freestyle-smooth-line-motor-1350kv
motor,BrotherHobby,BrotherHobby Tornado T5 3115 Pro 400Kv Motor,51.42,19,2100,15,7,6,16,16,https://cdn.shopify.com/s/files/1/1285/4651/products/457a36f473_60a22d9c-ca01-4a13-abd0-e3751e5b706c_512x512.jpg?v=1650308913,https://racedayquads.com/products/brotherhobby-tornado-t5-3115-pro-400kv-motor,https://www.getfpv.com/motors/mini-quad-motors/lumenier-jb2208-bardwell-popo-pro-motor-1650kv-2400kv.html,https://pyrodrone.com/collections/motors/products/iflight-xing2-2207-rainbow-fpv-motor-unibell-1950kv
motor,FETtec ,FETtec FM2004T 1800kv Motor,82.51,29,2900,18,12,6,16,16,https://cdn.shopify.com/s/files/1/1285/4651/products/c480cf76-5bda-4d5b-96aa-b5becdb5ab2c_600x600_ab4221bd-e803-49a9-8a68-3956a63acbbc_512x512.jpg?v=1659735549,https://racedayquads.com/products/fettec-motor-fm2004t-1800kv,https://www.getfpv.com/motors/mini-quad-motors/t-motor-hom-2207-5-1750kv-2500kv-motor.html,https://pyrodrone.com/collections/motors/products/brotherhobby-tc-2004-3150kv-ultralite-motor
motor,Camera Butter ,Camera Butter Halo Cinematic 2406 1800Kv Motor,79.58,33,2200,19,4,6,16,16,https://cdn.shopify.com/s/files/1/1285/4651/products/halo-2450-1_512x512.jpg?v=1629741526,https://racedayquads.com/products/camera-butter-halo-cinematic-2406-1800kv-motor,https://www.getfpv.com/motors/mini-quad-motors/iflight-xing-1408-fpv-nextgen-motor-1pc.html,https://pyrodrone.com/collections/motors/products/brother-hobby-avenger-vy-1507-4150kv
motor,Foxeer ,Foxeer Datura 2207.5 2750Kv Motor,61.32,17,2100,20,5,5,16,16,https://cdn.shopify.com/s/files/1/1285/4651/products/7_d801c7f2-9fbe-481a-aa2c-ce94221fa126_512x512.jpg?v=1643929473,https://racedayquads.com/products/foxeer-datura-2207-5-2750kv-motor,https://www.getfpv.com/motors/mini-quad-motors/iflight-xing-e-2306-2-6s-fpv-motor.html,https://pyrodrone.com/collections/motors/products/iflight-xing2-2207-2755kv-motor
motor,Foxeer ,Foxeer Datura 2306.5 2550Kv Motor,14.3,19,3100,22,9,4,16,16,https://cdn.shopify.com/s/files/1/1285/4651/products/66_8722e685-b1d4-4960-b152-0c8fe0aa6ea7_512x512.jpg?v=1652988871,https://racedayquads.com/products/foxeer-datura-2306-5-2550kv-motor,https://www.getfpv.com/motors/mini-quad-motors/iflight-xing-e-2208-2-6s-fpv-motor.html,https://pyrodrone.com/collections/motors/products/pyrodrone-hyperlite-2307-2522-team-edition
motor,AMAXinno,AMAXinno Performante A-Bell 2306 2550Kv Motor,39.35,41,4200,17,5,4,16,16,https://cdn.shopify.com/s/files/1/1285/4651/products/Performante_2306_Motor_A-Motors-550x550_4e6a0456-e24b-416f-9398-78719c04cef0_512x512.jpg?v=1663703666,https://racedayquads.com/products/amaxinno-performante-a-bell-2306-2550kv-motor-4-pack,https://www.getfpv.com/motors/mini-quad-motors/iflight-xing-x4214-400kv-motor-1-pc.html,https://pyrodrone.com/collections/motors/products/copy-of-emax-eco-ii-2004-brushless-motor-3000kv
motor,Axis Flying,Axis Flying Blackbird V3 2207 2125Kv Motor,56.95,18,3600,18,9,5,16,16,https://cdn.shopify.com/s/files/1/1285/4651/products/4-5_9434b6b7-776a-46e1-98eb-482fd72b911e_512x512.jpg?v=1648243365,https://racedayquads.com/products/axis-flying-blackbird-v3-2207-2125kv-motor,https://www.getfpv.com/motors/mini-quad-motors/iflight-xing-5215-330kv-x-class-motor-1pc.html,https://pyrodrone.com/collections/motors/products/xnova-t1404-fpv-racing-series-motor-3800kv-4pcs-combo
motor,FPV Cycle,FPV Cycle 23mm Tall 2330Kv Motor,31.49,16,1600,27,5,5,16,16,https://cdn.shopify.com/s/files/1/1285/4651/products/2_3a11b0c6-14c1-4165-b6ec-f967bf89fcb7_512x512.jpg?v=1634685160,https://racedayquads.com/products/fpv-cycle-23mm-tall-2330kv-motor,https://www.getfpv.com/motors/mini-quad-motors/t-motor-f40-pro-iii-motor.html,https://pyrodrone.com/collections/motors/products/rcinpower-gts-v2-1207-7500kv-motor-choose-color
motor,AMAXinno,AMAXinno Performante A-Bell 2306 2550Kv Motor,13.5,18,3000,30,9,4,16,16,https://cdn.shopify.com/s/files/1/1285/4651/products/Performante_2306_Motor_A-Motors-550x550_05b2e367-adb7-4f2d-8354-e473a760eabb_512x512.jpg?v=1654291952,https://racedayquads.com/products/amax-performante-a-bell-2306-2550kv-motor,https://www.getfpv.com/motors/mini-quad-motors/ethix-konasty-2407-1739kv-motor.html,https://pyrodrone.com/collections/motors/products/brotherhobby-vy-1504-5-2950kv-motor
motor,Flash Hobby,Flash Hobby Arthur 1106 6500Kv Micro Motor,93.77,25,1600,19,11,5,16,16,https://cdn.shopify.com/s/files/1/1285/4651/products/2095_512x512.jpg?v=1598037248,https://racedayquads.com/products/flash-hobby-arthur-1106-6500kv-micro-motor,https://www.getfpv.com/motors/mini-quad-motors/emax-eco-2207-1700kv-1900kv-2400kv-brushless-motor.html,https://pyrodrone.com/collections/motors/products/t-motor-velox-veloce-v2207-5-v2-2550kv
motor,AMAXinno,AMAXinno Performante A-Bell 2207 2550Kv Motor,49.0,39,2200,25,11,6,16,16,https://cdn.shopify.com/s/files/1/1285/4651/products/Performante_2207_Motor_A-Motors-550x550_99057dca-0dca-4853-8d6d-65172ab0583a_512x512.jpg?v=1654292311,https://racedayquads.com/products/amax-performante-a-bell-2207-2550kv-motor,https://www.getfpv.com/motors/mini-quad-motors/emax-rs1408-performance-brushless-motor.html,https://pyrodrone.com/collections/motors/products/hyperlite-2205-5-e-series-fpv-racing-motor-2522kv
motor,iFlight,iFlight Xing-E Pro 2208 2450Kv Replacement Bell,18.74,30,3400,16,10,3,16,16,https://cdn.shopify.com/s/files/1/1285/4651/products/xing-e-pro-2208-bell-1_512x512.jpg?v=1657404757,https://racedayquads.com/products/copy-of-iflight-xing-e-pro-2208-2750kv-replacement-bell,https://www.getfpv.com/motors/mini-quad-motors/emax-rs1108-performance-brushless-motor.html,https://pyrodrone.com/collections/motors/products/iflight-xing2-2405-1950kv-motor
motor,T-Motor,T-Motor F60 Pro V 1750Kv Motor - Gray,37.41,42,2600,24,6,4,16,16,https://cdn.shopify.com/s/files/1/1285/4651/products/2_950b6ce1-e88e-4fa8-8ed5-2ca28513c849_512x512.jpg?v=1650305919,https://racedayquads.com/products/t-motor-f60-pro-v-1750kv-motor-gray,https://www.getfpv.com/motors/mini-quad-motors/dys-sunfun-2207-motor.html,https://pyrodrone.com/collections/motors/products/t-motor-velox-veloce-v2208-v2-1750kv
motor,Rcinpower,Rcinpower GTS-V3 2104 Light 1800Kv Motor - Choose Color,50.56,29,3600,30,9,6,16,16,https://cdn.shopify.com/s/files/1/1285/4651/products/21043_2a459241-3d5f-4468-9efe-4fb08ea127d0_512x512.jpg?v=1642116985,https://racedayquads.com/products/rcinpower-gts-v3-2104-light-1800kv-motor-choose-color,https://www.getfpv.com/motors/mini-quad-motors/lumenier-2207-7-2700kv-johnnyfpv-v2-replacement-motor-bell.html,https://pyrodrone.com/collections/motors/products/xnova-t1404-fpv-racing-series-motor-4700kv-4pcs-combo
motor,Stan FPV,Stan FPV Pro 2604 1690Kv Motor,48.99,39,3600,22,9,4,16,16,https://cdn.shopify.com/s/files/1/1285/4651/products/2_614a3a17-d26d-40de-91a2-c8ca453366ed_512x512.jpg?v=1651183960,https://racedayquads.com/products/stan-fpv-pro-2604-1690kv-motor,https://www.getfpv.com/motors/mini-quad-motors/lumenier-2207-8-2400kv-johnnyfpv-v2-replacement-motor-bell.html,https://pyrodrone.com/collections/motors/products/flash-hobby-arthur-1408-2800kv-micro-motor
motor,AMAXinno,AMAXinno Performante A-Bell 2306 1950Kv Motor,84.52,35,2600,27,7,4,16,16,https://cdn.shopify.com/s/files/1/1285/4651/products/Performante_2306_Motor_A-Motors-550x550_0b053354-48c8-4f00-964e-d23db7eda128_512x512.jpg?v=1654291959,https://racedayquads.com/products/amax-performante-a-bell-2306-1950kv-motor,https://www.getfpv.com/motors/mini-quad-motors/hyperlite-2206-5-2522kv-team-edition-motor.html,https://pyrodrone.com/collections/motors/products/iflight-xing-e-pro-2306-4s-6s-fpv-motor-2450kv
motor,T-Motor,T-Motor 2203.5 3550Kv Micro Motor,85.34,42,3200,20,5,4,16,16,https://cdn.shopify.com/s/files/1/1285/4651/products/1609297858955299830_ff2cb138-eb91-4ff0-938b-1af0183bea5c_512x512.jpg?v=1627404893,https://racedayquads.com/products/t-motor-2203-5-3550kv-micro-motor,https://www.getfpv.com/motors/mini-quad-motors/hyperlite-2206-5-1722kv-team-edition-motor.html,https://pyrodrone.com/collections/motors/products/t-motor-mck-2207-5-v3-2100kv
motor,Rcinpower,Rcinpower GTS-V3 2105 Plus 3600Kv Motor - Choose Color,76.54,30,3500,22,7,3,16,16,https://cdn.shopify.com/s/files/1/1285/4651/products/Untitled-1_78d101bd-cc04-4048-b372-5ff3ab52a803_512x512.jpg?v=1642183479,https://racedayquads.com/products/rcinpower-gts-v3-2105-plus-3600kv-motor-choose-color,https://www.getfpv.com/motors/mini-quad-motors/iflight-xing-camo-x2306-motor.html,https://pyrodrone.com/collections/motors/products/t-motor-f2004-1700kv-motors
motor,EMAX,EMAX ECO II Series 2306 2400Kv Motor,50.77,23,2000,25,7,5,16,16,https://cdn.shopify.com/s/files/1/1285/4651/products/569A1021_ff21b850-f1d0-4bb3-8b93-984ac9a7cfa6_512x512.jpg?v=1602864493,https://racedayquads.com/products/emax-eco-ii-2306-2400kv-motor,https://www.getfpv.com/motors/mini-quad-motors/iflight-xing-x2206-1750kv-1850kv-2750kv-fpv-nextgen-motor-1pc.html,https://pyrodrone.com/collections/motors/products/t-motor-f0803-22000kv-motor
motor,iFlight,iFlight Xing2 2207 1855Kv Motor,18.30,42,4200,20,6,5,16,16,https://cdn.shopify.com/s/files/1/1285/4651/products/xing22073_b14740b1-8d58-4034-8423-34c66be4b268_512x512.jpg?v=1620151936,https://racedayquads.com/products/iflight-xing2-2207-1855kv-motor,https://www.getfpv.com/motors/mini-quad-motors/iflight-xing-camo-x2207-motor.html,https://pyrodrone.com/collections/motors/products/t-motor-velox-veloce-v2307-v2-1950kv
motor,EMAX,EMAX ECO II Series 2207 2400Kv Motor,21.56,32,3900,29,8,3,16,16,https://cdn.shopify.com/s/files/1/1285/4651/products/569A1013_f6f233df-f973-44d1-a399-d71af27c093d_512x512.jpg?v=1602864851,https://racedayquads.com/products/emax-eco-ii-series-2207-2400kv-motor,https://www.getfpv.com/motors/mini-quad-motors/iflight-xing-camo-x2208-motor.html,https://pyrodrone.com/collections/motors/products/happymodel-unibell-ex0802-19000kv-motor
motor,HappyModel,HappyModel EX 1404 3500Kv Motor for Crux35,24.77,16,1600,25,4,5,16,16,https://cdn.shopify.com/s/files/1/1285/4651/products/3_a2f2a3d1-a7ab-4fde-896e-9cb2074957ba_512x512.jpg?v=1634417799,https://racedayquads.com/products/happymodel-ex-1404-3500kv-motor-for-crux35,https://www.getfpv.com/motors/mini-quad-motors/dys-samguk-series-wu-2206-1750kv-motor.html,https://pyrodrone.com/collections/motors/products/betafpv-1506-3000kv-brushless-motor-4-pieces
motor,iFlight,iFlight Xing2 2506 1500Kv Motor,28.90,40,4000,15,6,5,16,16,https://cdn.shopify.com/s/files/1/1285/4651/products/XING2-2506-3_512x512.jpg?v=1657141838,https://racedayquads.com/products/copy-of-iflight-xing2-2306-2555kv-motor,https://www.getfpv.com/motors/mini-quad-motors/dys-samguk-series-shu-2306-1750kv.html,https://pyrodrone.com/collections/motors/products/t-motor-velox-veloce-v2208-v2-1950kv
motor,iFlight,iFlight Xing2 2306 1755Kv Replacement Bell,91.72,18,3900,27,12,5,16,16,https://cdn.shopify.com/s/files/1/1285/4651/products/xing2-2306-bell-1_ee5b35ec-6c69-41a6-89c7-cafbcf77a6f9_512x512.jpg?v=1657404511,https://racedayquads.com/products/copy-of-iflight-xing-e-pro-2207-1800kv-replacement-bell,https://www.getfpv.com/motors/mini-quad-motors/hyperlite-2207-5-2522kv-team-edition-motor.html,https://pyrodrone.com/collections/motors/products/flash-hobby-arthur-1408-3650kv-micro-motor
motor,AMAXinno,AMAXinno Superleggera A-Bell 2305.5 1750Kv Motor,83.98,34,2800,29,10,3,16,16,https://cdn.shopify.com/s/files/1/1285/4651/products/Superleggera2305-5_Motor_A-Motors-550x550_a1f075b1-b052-42fa-bb15-0617c58cbfaa_512x512.jpg?v=1663703471,https://racedayquads.com/products/amaxinno-superleggera-a-bell-2305-5-1750kv-motor-4-pack,https://www.getfpv.com/motors/mini-quad-motors/3bhobby-2206s-1800kv-training-motor.html,https://pyrodrone.com/collections/motors/products/rcinpower-smoox-2306-plus-motor-2280kv-chrome
motor,T-Motor,T-Motor 2203.5 1500Kv Micro Motor,53.76,23,1600,28,4,4,16,16,https://cdn.shopify.com/s/files/1/1285/4651/products/1609297858955299830_512x512.jpg?v=1610649260,https://racedayquads.com/products/t-motor-2203-5-1500kv-micro-motor,https://www.getfpv.com/motors/mini-quad-motors/3bhobby-2206s-1800kv-training-motor-1.html,https://pyrodrone.com/collections/motors/products/hyperlite-2204-2722kv-team-edition
motor,HappyModel,HappyModel RS0802 20000Kv Micro Motor - Choose Version,21.13,24,1800,30,7,5,16,16,https://cdn.shopify.com/s/files/1/1285/4651/products/2_71bec6e4-6fc7-45b0-b2d0-7d6d00746ca0_512x512.jpg?v=1656455312,https://racedayquads.com/products/happymodel-rs0802-20000kv-brushless-motor-choose-version,https://www.getfpv.com/motors/mini-quad-motors/lumenier-2207-11-1750kv-johnnyfpv-v2-motor.html,https://pyrodrone.com/collections/motors/products/t-motor-f0802-25000kv-motor
motor,HappyModel,HappyModel SE 0802 25000Kv Whoop/Micro Motor for Mobula 6 - CW,32.77,33,2400,27,12,6,16,16,https://cdn.shopify.com/s/files/1/1285/4651/products/5023e116-eafe-4eb6-b5c2-bbb42933b856_512x512.jpg?v=1627951038,https://racedayquads.com/products/happymodel-se-0802-25000kv-whoop-micro-motor-for-mobula-6-cw,https://www.getfpv.com/motors/mini-quad-motors/brotherhobby-speed-shield-2207-5-2150kv-motor.html,https://pyrodrone.com/collections/motors/products/hyperlite-2807-5-e-series-long-range-motor-1122kv
motor,FPV Cycle,FPV Cycle 25mm Imperial 1870Kv Motor,13.68,28,2800,21,7,5,16,16,https://cdn.shopify.com/s/files/1/1285/4651/products/333_57b6b3cb-8b22-436b-a5a7-c09c4545df03_512x512.jpg?v=1653679112,https://racedayquads.com/products/fpv-cycle-25mm-imperial-1870kv-motor,https://www.getfpv.com/motors/mini-quad-motors/t-motor-f80-pro-1900kv-motor.html,https://pyrodrone.com/collections/motors/products/apex-macaw-2207-5-unibell-premium-motor-2325kv-choose-color
motor,T-Motor,T-Motor Pacer 2505 1850Kv Motor - Pale Rose,54.84,43,2600,25,5,4,16,16,https://cdn.shopify.com/s/files/1/1285/4651/products/P2505_2_512x512.jpg?v=1638475372,https://racedayquads.com/products/t-motor-pacer-2505-1850kv-motor,https://www.getfpv.com/motors/mini-quad-motors/t-motor-f80-pro-2200kv-motor.html,https://pyrodrone.com/collections/motors/products/axis-flying-af144-1404-fpv-drone-motor-4510kv-1
